matrix_index,movie_id
0,1
1,2
2,3
3,4
4,5
5,6
6,7
7,8
8,9
9,10
10,11
11,12
12,13
13,14
14,15
15,16
16,17
17,18
18,19
19,20
20,21
21,22
22,23
23,24
24,25
25,26
26,27
27,28
28,29
29,30
30,31
31,32
32,34
33,36
34,38
35,39
36,40
37,41
38,42
39,43
40,44
41,45
42,46
43,47
44,48
45,49
46,50
47,52
48,53
49,54
50,57
51,58
52,60
53,61
54,62
55,63
56,64
57,65
58,66
59,68
60,69
61,70
62,71
63,72
64,73
65,74
66,75
67,76
68,77
69,78
70,79
71,80
72,81
73,82
74,83
75,85
76,86
77,87
78,88
79,89
80,92
81,93
82,94
83,95
84,96
85,97
86,99
87,100
88,101
89,102
90,103
91,104
92,105
93,106
94,107
95,110
96,111
97,112
98,113
99,116
100,117
101,118
102,119
103,121
104,122
105,123
106,125
107,126
108,128
109,129
110,132
111,135
112,137
113,140
114,141
115,144
116,145
117,146
118,147
119,148
120,149
121,150
122,151
123,152
124,153
125,154
126,155
127,156
128,157
129,158
130,159
131,160
132,161
133,162
134,163
135,164
136,165
137,166
138,168
139,169
140,170
141,171
142,172
143,173
144,174
145,175
146,176
147,177
148,178
149,179
150,180
151,181
152,183
153,184
154,185
155,186
156,187
157,188
158,190
159,191
160,193
161,194
162,195
163,196
164,198
165,199
166,202
167,203
168,204
169,205
170,206
171,207
172,208
173,209
174,210
175,211
176,212
177,213
178,214
179,215
180,216
181,217
182,218
183,219
184,220
185,222
186,223
187,224
188,225
189,227
190,228
191,229
192,230
193,231
194,232
195,233
196,234
197,235
198,236
199,237
200,238
201,239
202,240
203,241
204,242
205,243
206,246
207,247
208,248
209,249
210,250
211,251
212,252
213,253
214,255
215,256
216,257
217,258
218,259
219,260
220,261
221,262
222,265
223,266
224,267
225,269
226,270
227,271
228,272
229,273
230,274
231,275
232,276
233,277
234,278
235,279
236,280
237,281
238,282
239,283
240,284
241,285
242,288
243,289
244,290
245,291
246,292
247,293
248,294
249,295
250,296
251,298
252,299
253,300
254,302
255,303
256,304
257,305
258,306
259,307
260,308
261,310
262,311
263,312
264,313
265,314
266,315
267,316
268,317
269,318
270,319
271,320
272,321
273,322
274,324
275,325
276,326
277,327
278,328
279,329
280,330
281,331
282,332
283,333
284,334
285,335
286,336
287,337
288,338
289,339
290,340
291,341
292,342
293,343
294,344
295,345
296,346
297,347
298,348
299,349
300,350
301,351
302,352
303,353
304,354
305,355
306,356
307,357
308,358
309,360
310,361
311,362
312,363
313,364
314,365
315,366
316,367
317,368
318,369
319,370
320,371
321,372
322,373
323,374
324,376
325,377
326,378
327,379
328,380
329,381
330,382
331,383
332,384
333,385
334,386
335,387
336,388
337,389
338,390
339,391
340,393
341,405
342,406
343,407
344,408
345,409
346,410
347,412
348,413
349,414
350,415
351,416
352,417
353,418
354,419
355,420
356,421
357,422
358,423
359,424
360,425
361,426
362,427
363,428
364,429
365,430
366,431
367,432
368,433
369,434
370,435
371,436
372,437
373,438
374,440
375,441
376,442
377,444
378,445
379,446
380,448
381,449
382,450
383,451
384,452
385,453
386,454
387,455
388,456
389,457
390,458
391,459
392,460
393,461
394,464
395,466
396,467
397,468
398,469
399,470
400,471
401,472
402,473
403,474
404,475
405,476
406,477
407,478
408,479
409,480
410,481
411,482
412,484
413,485
414,486
415,487
416,488
417,489
418,490
419,491
420,492
421,493
422,494
423,495
424,496
425,497
426,499
427,500
428,501
429,502
430,504
431,505
432,506
433,507
434,508
435,509
436,510
437,511
438,512
439,513
440,514
441,515
442,516
443,517
444,518
445,519
446,520
447,521
448,522
449,523
450,524
451,526
452,527
453,528
454,529
455,531
456,532
457,533
458,534
459,535
460,536
461,537
462,538
463,539
464,540
465,541
466,542
467,543
468,544
469,546
470,547
471,548
472,549
473,550
474,551
475,552
476,553
477,555
478,556
479,558
480,562
481,563
482,564
483,567
484,568
485,569
486,573
487,574
488,575
489,577
490,580
491,581
492,583
493,585
494,586
495,587
496,588
497,589
498,590
499,592
500,593
501,594
502,595
503,596
504,597
505,599
506,600
507,602
508,605
509,606
510,608
511,609
512,610
513,611
514,612
515,613
516,615
517,616
518,617
519,618
520,619
521,626
522,627
523,628
524,631
525,632
526,634
527,635
528,636
529,637
530,639
531,640
532,645
533,647
534,648
535,649
536,650
537,653
538,656
539,661
540,662
541,663
542,665
543,667
544,668
545,670
546,671
547,673
548,674
549,678
550,679
551,680
552,685
553,688
554,691
555,692
556,694
557,695
558,697
559,698
560,700
561,703
562,704
563,706
564,707
565,708
566,709
567,710
568,711
569,714
570,715
571,718
572,719
573,720
574,722
575,724
576,725
577,726
578,728
579,731
580,733
581,735
582,736
583,737
584,741
585,742
586,743
587,745
588,747
589,748
590,750
591,757
592,759
593,760
594,761
595,762
596,764
597,765
598,766
599,773
600,775
601,778
602,779
603,780
604,781
605,782
606,783
607,784
608,785
609,786
610,788
611,790
612,791
613,795
614,798
615,799
616,800
617,801
618,802
619,803
620,804
621,805
622,806
623,808
624,809
625,810
626,813
627,818
628,823
629,824
630,828
631,829
632,830
633,832
634,833
635,835
636,836
637,837
638,838
639,839
640,840
641,841
642,842
643,848
644,849
645,851
646,852
647,858
648,861
649,866
650,867
651,869
652,870
653,875
654,876
655,879
656,880
657,881
658,882
659,886
660,888
661,889
662,891
663,892
664,893
665,896
666,897
667,898
668,899
669,900
670,901
671,902
672,903
673,904
674,905
675,906
676,907
677,908
678,909
679,910
680,911
681,912
682,913
683,914
684,915
685,916
686,917
687,918
688,919
689,920
690,921
691,922
692,923
693,924
694,926
695,927
696,928
697,929
698,930
699,931
700,932
701,933
702,934
703,935
704,936
705,937
706,938
707,940
708,941
709,942
710,943
711,944
712,945
713,946
714,947
715,948
716,949
717,950
718,951
719,952
720,953
721,954
722,955
723,956
724,959
725,961
726,963
727,965
728,968
729,969
730,970
731,971
732,973
733,976
734,979
735,981
736,982
737,984
738,986
739,987
740,988
741,990
742,991
743,993
744,994
745,996
746,998
747,999
748,1003
749,1004
750,1005
751,1006
752,1007
753,1008
754,1009
755,1010
756,1011
757,1012
758,1013
759,1014
760,1015
761,1016
762,1017
763,1018
764,1019
765,1020
766,1021
767,1022
768,1023
769,1024
770,1025
771,1027
772,1028
773,1029
774,1030
775,1031
776,1032
777,1033
778,1034
779,1035
780,1036
781,1037
782,1041
783,1042
784,1043
785,1046
786,1047
787,1049
788,1050
789,1051
790,1053
791,1054
792,1055
793,1056
794,1057
795,1059
796,1060
797,1061
798,1064
799,1066
800,1068
801,1073
802,1077
803,1078
804,1079
805,1080
806,1081
807,1082
808,1083
809,1084
810,1085
811,1086
812,1088
813,1089
814,1090
815,1091
816,1092
817,1093
818,1094
819,1095
820,1096
821,1097
822,1099
823,1100
824,1101
825,1103
826,1104
827,1105
828,1107
829,1111
830,1112
831,1116
832,1117
833,1119
834,1120
835,1121
836,1123
837,1124
838,1125
839,1126
840,1127
841,1128
842,1129
843,1130
844,1131
845,1132
846,1135
847,1136
848,1137
849,1140
850,1144
851,1147
852,1148
853,1150
854,1151
855,1156
856,1161
857,1167
858,1170
859,1171
860,1172
861,1173
862,1175
863,1176
864,1177
865,1178
866,1179
867,1180
868,1183
869,1184
870,1185
871,1186
872,1187
873,1188
874,1189
875,1190
876,1191
877,1192
878,1193
879,1194
880,1196
881,1197
882,1198
883,1199
884,1200
885,1201
886,1202
887,1203
888,1204
889,1206
890,1207
891,1208
892,1209
893,1210
894,1211
895,1212
896,1213
897,1214
898,1215
899,1216
900,1217
901,1218
902,1219
903,1220
904,1221
905,1222
906,1223
907,1224
908,1225
909,1226
910,1227
911,1228
912,1230
913,1231
914,1232
915,1233
916,1234
917,1235
918,1236
919,1237
920,1238
921,1240
922,1241
923,1242
924,1243
925,1244
926,1245
927,1246
928,1247
929,1248
930,1249
931,1250
932,1251
933,1252
934,1253
935,1254
936,1255
937,1256
938,1257
939,1258
940,1259
941,1260
942,1261
943,1262
944,1263
945,1264
946,1265
947,1266
948,1267
949,1268
950,1269
951,1270
952,1271
953,1272
954,1273
955,1274
956,1275
957,1276
958,1277
959,1278
960,1279
961,1280
962,1281
963,1282
964,1283
965,1284
966,1285
967,1286
968,1287
969,1288
970,1289
971,1290
972,1291
973,1292
974,1293
975,1295
976,1296
977,1297
978,1298
979,1299
980,1300
981,1301
982,1302
983,1303
984,1304
985,1305
986,1306
987,1307
988,1310
989,1312
990,1318
991,1320
992,1321
993,1322
994,1323
995,1324
996,1325
997,1326
998,1327
999,1328
1000,1329
1001,1330
1002,1332
1003,1333
1004,1334
1005,1336
1006,1339
1007,1340
1008,1341
1009,1342
1010,1343
1011,1344
1012,1345
1013,1346
1014,1347
1015,1348
1016,1349
1017,1350
1018,1351
1019,1352
1020,1353
1021,1354
1022,1355
1023,1356
1024,1357
1025,1358
1026,1359
1027,1361
1028,1363
1029,1365
1030,1366
1031,1367
1032,1370
1033,1371
1034,1372
1035,1373
1036,1374
1037,1375
1038,1376
1039,1377
1040,1378
1041,1379
1042,1380
1043,1381
1044,1382
1045,1385
1046,1387
1047,1388
1048,1389
1049,1390
1050,1391
1051,1392
1052,1393
1053,1394
1054,1395
1055,1396
1056,1397
1057,1398
1058,1399
1059,1401
1060,1405
1061,1406
1062,1407
1063,1408
1064,1409
1065,1411
1066,1412
1067,1413
1068,1414
1069,1415
1070,1416
1071,1417
1072,1419
1073,1422
1074,1423
1075,1425
1076,1426
1077,1427
1078,1428
1079,1429
1080,1430
1081,1431
1082,1432
1083,1437
1084,1438
1085,1439
1086,1440
1087,1441
1088,1442
1089,1445
1090,1446
1091,1447
1092,1449
1093,1453
1094,1454
1095,1457
1096,1458
1097,1459
1098,1461
1099,1464
1100,1465
1101,1466
1102,1468
1103,1474
1104,1475
1105,1476
1106,1477
1107,1479
1108,1480
1109,1483
1110,1484
1111,1485
1112,1487
1113,1488
1114,1489
1115,1490
1116,1493
1117,1495
1118,1497
1119,1498
1120,1499
1121,1500
1122,1502
1123,1503
1124,1513
1125,1514
1126,1515
1127,1517
1128,1518
1129,1519
1130,1526
1131,1527
1132,1529
1133,1533
1134,1537
1135,1541
1136,1542
1137,1544
1138,1545
1139,1546
1140,1547
1141,1550
1142,1551
1143,1552
1144,1554
1145,1556
1146,1562
1147,1564
1148,1565
1149,1566
1150,1569
1151,1571
1152,1572
1153,1573
1154,1574
1155,1580
1156,1581
1157,1582
1158,1583
1159,1584
1160,1586
1161,1587
1162,1588
1163,1589
1164,1590
1165,1591
1166,1592
1167,1593
1168,1594
1169,1596
1170,1597
1171,1598
1172,1599
1173,1600
1174,1601
1175,1602
1176,1603
1177,1604
1178,1605
1179,1606
1180,1608
1181,1609
1182,1610
1183,1611
1184,1612
1185,1613
1186,1614
1187,1615
1188,1616
1189,1617
1190,1619
1191,1620
1192,1621
1193,1623
1194,1624
1195,1625
1196,1626
1197,1627
1198,1629
1199,1633
1200,1635
1201,1639
1202,1641
1203,1642
1204,1643
1205,1644
1206,1645
1207,1646
1208,1647
1209,1648
1210,1649
1211,1650
1212,1652
1213,1653
1214,1654
1215,1658
1216,1659
1217,1660
1218,1661
1219,1662
1220,1663
1221,1665
1222,1667
1223,1670
1224,1671
1225,1672
1226,1673
1227,1674
1228,1675
1229,1676
1230,1677
1231,1678
1232,1679
1233,1680
1234,1681
1235,1682
1236,1683
1237,1684
1238,1685
1239,1686
1240,1687
1241,1688
1242,1689
1243,1690
1244,1693
1245,1694
1246,1695
1247,1696
1248,1699
1249,1701
1250,1702
1251,1703
1252,1704
1253,1707
1254,1711
1255,1713
1256,1717
1257,1718
1258,1719
1259,1721
1260,1722
1261,1726
1262,1727
1263,1729
1264,1730
1265,1731
1266,1732
1267,1733
1268,1734
1269,1735
1270,1747
1271,1748
1272,1752
1273,1753
1274,1754
1275,1755
1276,1757
1277,1760
1278,1762
1279,1767
1280,1769
1281,1770
1282,1771
1283,1772
1284,1777
1285,1779
1286,1783
1287,1784
1288,1785
1289,1791
1290,1792
1291,1793
1292,1797
1293,1798
1294,1799
1295,1801
1296,1804
1297,1805
1298,1806
1299,1807
1300,1809
1301,1810
1302,1812
1303,1816
1304,1821
1305,1825
1306,1826
1307,1827
1308,1829
1309,1831
1310,1833
1311,1834
1312,1835
1313,1836
1314,1837
1315,1839
1316,1840
1317,1841
1318,1844
1319,1845
1320,1848
1321,1855
1322,1856
1323,1857
1324,1858
1325,1859
1326,1860
1327,1862
1328,1863
1329,1866
1330,1867
1331,1870
1332,1873
1333,1875
1334,1876
1335,1881
1336,1882
1337,1883
1338,1884
1339,1885
1340,1887
1341,1888
1342,1889
1343,1892
1344,1893
1345,1894
1346,1895
1347,1897
1348,1900
1349,1904
1350,1906
1351,1907
1352,1909
1353,1910
1354,1911
1355,1912
1356,1913
1357,1914
1358,1916
1359,1917
1360,1918
1361,1919
1362,1920
1363,1921
1364,1922
1365,1923
1366,1924
1367,1927
1368,1928
1369,1929
1370,1931
1371,1933
1372,1934
1373,1936
1374,1937
1375,1938
1376,1939
1377,1940
1378,1941
1379,1942
1380,1944
1381,1945
1382,1946
1383,1947
1384,1948
1385,1949
1386,1950
1387,1951
1388,1952
1389,1953
1390,1954
1391,1955
1392,1956
1393,1957
1394,1958
1395,1959
1396,1960
1397,1961
1398,1962
1399,1963
1400,1964
1401,1965
1402,1966
1403,1967
1404,1968
1405,1969
1406,1970
1407,1971
1408,1972
1409,1973
1410,1974
1411,1975
1412,1976
1413,1977
1414,1978
1415,1979
1416,1980
1417,1981
1418,1982
1419,1983
1420,1984
1421,1985
1422,1986
1423,1987
1424,1990
1425,1991
1426,1992
1427,1993
1428,1994
1429,1995
1430,1996
1431,1997
1432,1998
1433,1999
1434,2000
1435,2001
1436,2002
1437,2003
1438,2004
1439,2005
1440,2006
1441,2007
1442,2008
1443,2009
1444,2010
1445,2011
1446,2012
1447,2013
1448,2014
1449,2015
1450,2016
1451,2017
1452,2018
1453,2019
1454,2020
1455,2021
1456,2022
1457,2023
1458,2024
1459,2025
1460,2026
1461,2027
1462,2028
1463,2032
1464,2033
1465,2034
1466,2035
1467,2036
1468,2037
1469,2038
1470,2040
1471,2041
1472,2042
1473,2043
1474,2044
1475,2046
1476,2048
1477,2050
1478,2051
1479,2052
1480,2053
1481,2054
1482,2055
1483,2056
1484,2057
1485,2058
1486,2059
1487,2060
1488,2064
1489,2065
1490,2066
1491,2067
1492,2068
1493,2069
1494,2070
1495,2071
1496,2072
1497,2073
1498,2074
1499,2075
1500,2076
1501,2077
1502,2078
1503,2080
1504,2081
1505,2082
1506,2083
1507,2084
1508,2085
1509,2087
1510,2088
1511,2089
1512,2090
1513,2091
1514,2092
1515,2093
1516,2094
1517,2095
1518,2096
1519,2097
1520,2098
1521,2099
1522,2100
1523,2102
1524,2103
1525,2104
1526,2105
1527,2106
1528,2107
1529,2108
1530,2109
1531,2110
1532,2111
1533,2112
1534,2114
1535,2115
1536,2116
1537,2117
1538,2118
1539,2119
1540,2120
1541,2121
1542,2122
1543,2123
1544,2124
1545,2125
1546,2126
1547,2130
1548,2131
1549,2132
1550,2133
1551,2134
1552,2135
1553,2136
1554,2137
1555,2138
1556,2139
1557,2140
1558,2141
1559,2142
1560,2143
1561,2144
1562,2145
1563,2146
1564,2147
1565,2148
1566,2149
1567,2150
1568,2151
1569,2152
1570,2153
1571,2154
1572,2155
1573,2156
1574,2159
1575,2160
1576,2161
1577,2162
1578,2163
1579,2164
1580,2165
1581,2166
1582,2167
1583,2169
1584,2170
1585,2171
1586,2174
1587,2175
1588,2176
1589,2177
1590,2179
1591,2180
1592,2181
1593,2182
1594,2183
1595,2184
1596,2185
1597,2186
1598,2187
1599,2188
1600,2190
1601,2193
1602,2194
1603,2195
1604,2196
1605,2201
1606,2202
1607,2203
1608,2204
1609,2205
1610,2206
1611,2207
1612,2208
1613,2210
1614,2211
1615,2212
1616,2226
1617,2227
1618,2231
1619,2232
1620,2236
1621,2239
1622,2240
1623,2241
1624,2243
1625,2244
1626,2245
1627,2247
1628,2248
1629,2249
1630,2252
1631,2253
1632,2255
1633,2256
1634,2259
1635,2260
1636,2261
1637,2262
1638,2263
1639,2264
1640,2265
1641,2266
1642,2267
1643,2268
1644,2269
1645,2271
1646,2272
1647,2273
1648,2275
1649,2278
1650,2279
1651,2280
1652,2281
1653,2282
1654,2283
1655,2286
1656,2287
1657,2288
1658,2289
1659,2290
1660,2291
1661,2294
1662,2295
1663,2296
1664,2297
1665,2298
1666,2300
1667,2301
1668,2302
1669,2303
1670,2304
1671,2306
1672,2307
1673,2310
1674,2311
1675,2312
1676,2313
1677,2314
1678,2315
1679,2316
1680,2318
1681,2320
1682,2321
1683,2322
1684,2323
1685,2324
1686,2325
1687,2327
1688,2328
1689,2329
1690,2330
1691,2331
1692,2332
1693,2333
1694,2334
1695,2335
1696,2336
1697,2337
1698,2338
1699,2339
1700,2340
1701,2342
1702,2344
1703,2346
1704,2347
1705,2348
1706,2349
1707,2350
1708,2351
1709,2352
1710,2353
1711,2354
1712,2355
1713,2356
1714,2357
1715,2359
1716,2360
1717,2361
1718,2362
1719,2363
1720,2364
1721,2365
1722,2366
1723,2367
1724,2368
1725,2369
1726,2370
1727,2371
1728,2372
1729,2373
1730,2374
1731,2375
1732,2376
1733,2377
1734,2378
1735,2379
1736,2380
1737,2381
1738,2382
1739,2383
1740,2384
1741,2385
1742,2387
1743,2388
1744,2389
1745,2390
1746,2391
1747,2392
1748,2393
1749,2394
1750,2395
1751,2396
1752,2398
1753,2399
1754,2400
1755,2401
1756,2402
1757,2403
1758,2404
1759,2405
1760,2406
1761,2407
1762,2408
1763,2409
1764,2410
1765,2411
1766,2412
1767,2413
1768,2414
1769,2415
1770,2416
1771,2417
1772,2418
1773,2420
1774,2421
1775,2422
1776,2423
1777,2424
1778,2425
1779,2427
1780,2428
1781,2429
1782,2430
1783,2431
1784,2432
1785,2433
1786,2435
1787,2436
1788,2439
1789,2442
1790,2443
1791,2445
1792,2446
1793,2447
1794,2448
1795,2450
1796,2451
1797,2453
1798,2454
1799,2455
1800,2456
1801,2457
1802,2458
1803,2459
1804,2460
1805,2463
1806,2465
1807,2467
1808,2468
1809,2469
1810,2470
1811,2471
1812,2472
1813,2473
1814,2474
1815,2475
1816,2476
1817,2477
1818,2478
1819,2481
1820,2482
1821,2483
1822,2485
1823,2488
1824,2490
1825,2491
1826,2492
1827,2493
1828,2494
1829,2495
1830,2496
1831,2497
1832,2498
1833,2500
1834,2501
1835,2502
1836,2504
1837,2505
1838,2506
1839,2511
1840,2512
1841,2513
1842,2514
1843,2515
1844,2516
1845,2517
1846,2518
1847,2520
1848,2521
1849,2522
1850,2523
1851,2524
1852,2525
1853,2526
1854,2527
1855,2528
1856,2529
1857,2530
1858,2531
1859,2532
1860,2533
1861,2534
1862,2535
1863,2537
1864,2538
1865,2539
1866,2540
1867,2541
1868,2542
1869,2544
1870,2546
1871,2548
1872,2549
1873,2550
1874,2551
1875,2552
1876,2553
1877,2554
1878,2555
1879,2557
1880,2558
1881,2559
1882,2560
1883,2561
1884,2563
1885,2565
1886,2566
1887,2567
1888,2568
1889,2570
1890,2571
1891,2572
1892,2573
1893,2574
1894,2575
1895,2577
1896,2579
1897,2580
1898,2581
1899,2582
1900,2583
1901,2585
1902,2586
1903,2587
1904,2590
1905,2593
1906,2594
1907,2596
1908,2597
1909,2598
1910,2599
1911,2600
1912,2605
1913,2606
1914,2607
1915,2611
1916,2612
1917,2613
1918,2614
1919,2615
1920,2616
1921,2617
1922,2618
1923,2620
1924,2622
1925,2623
1926,2624
1927,2628
1928,2629
1929,2630
1930,2632
1931,2633
1932,2634
1933,2639
1934,2640
1935,2641
1936,2642
1937,2643
1938,2644
1939,2648
1940,2652
1941,2654
1942,2655
1943,2656
1944,2657
1945,2660
1946,2662
1947,2664
1948,2665
1949,2668
1950,2669
1951,2670
1952,2671
1953,2672
1954,2674
1955,2676
1956,2677
1957,2681
1958,2682
1959,2683
1960,2686
1961,2687
1962,2688
1963,2690
1964,2691
1965,2692
1966,2693
1967,2694
1968,2695
1969,2696
1970,2697
1971,2698
1972,2699
1973,2700
1974,2701
1975,2702
1976,2706
1977,2707
1978,2708
1979,2709
1980,2710
1981,2712
1982,2713
1983,2716
1984,2717
1985,2718
1986,2719
1987,2720
1988,2722
1989,2723
1990,2724
1991,2725
1992,2726
1993,2727
1994,2728
1995,2729
1996,2730
1997,2731
1998,2732
1999,2733
2000,2734
2001,2735
2002,2736
2003,2737
2004,2738
2005,2739
2006,2740
2007,2741
2008,2742
2009,2743
2010,2744
2011,2745
2012,2746
2013,2747
2014,2748
2015,2749
2016,2750
2017,2752
2018,2757
2019,2759
2020,2761
2021,2762
2022,2763
2023,2764
2024,2765
2025,2766
2026,2769
2027,2770
2028,2771
2029,2772
2030,2774
2031,2775
2032,2779
2033,2782
2034,2784
2035,2786
2036,2787
2037,2788
2038,2789
2039,2790
2040,2791
2041,2792
2042,2793
2043,2794
2044,2795
2045,2796
2046,2797
2047,2798
2048,2799
2049,2800
2050,2801
2051,2802
2052,2803
2053,2804
2054,2805
2055,2806
2056,2807
2057,2808
2058,2810
2059,2813
2060,2815
2061,2816
2062,2817
2063,2818
2064,2819
2065,2822
2066,2824
2067,2826
2068,2827
2069,2828
2070,2829
2071,2835
2072,2836
2073,2837
2074,2839
2075,2840
2076,2841
2077,2843
2078,2844
2079,2846
2080,2847
2081,2848
2082,2851
2083,2852
2084,2856
2085,2857
2086,2858
2087,2859
2088,2860
2089,2861
2090,2862
2091,2863
2092,2865
2093,2866
2094,2867
2095,2868
2096,2870
2097,2871
2098,2872
2099,2874
2100,2875
2101,2876
2102,2877
2103,2879
2104,2880
2105,2881
2106,2882
2107,2883
2108,2884
2109,2885
2110,2886
2111,2887
2112,2888
2113,2889
2114,2890
2115,2891
2116,2892
2117,2893
2118,2894
2119,2896
2120,2899
2121,2900
2122,2901
2123,2902
2124,2903
2125,2905
2126,2906
2127,2907
2128,2908
2129,2912
2130,2915
2131,2916
2132,2917
2133,2918
2134,2919
2135,2921
2136,2922
2137,2924
2138,2925
2139,2926
2140,2927
2141,2928
2142,2929
2143,2930
2144,2931
2145,2932
2146,2935
2147,2936
2148,2937
2149,2940
2150,2941
2151,2942
2152,2943
2153,2944
2154,2946
2155,2947
2156,2948
2157,2949
2158,2950
2159,2951
2160,2952
2161,2953
2162,2956
2163,2959
2164,2961
2165,2962
2166,2965
2167,2966
2168,2967
2169,2968
2170,2969
2171,2970
2172,2971
2173,2972
2174,2973
2175,2974
2176,2975
2177,2976
2178,2977
2179,2978
2180,2979
2181,2982
2182,2985
2183,2986
2184,2987
2185,2988
2186,2989
2187,2990
2188,2991
2189,2993
2190,2995
2191,2996
2192,2997
2193,3000
2194,3002
2195,3003
2196,3004
2197,3005
2198,3006
2199,3007
2200,3008
2201,3010
2202,3011
2203,3013
2204,3015
2205,3016
2206,3017
2207,3018
2208,3019
2209,3020
2210,3021
2211,3022
2212,3024
2213,3028
2214,3029
2215,3030
2216,3031
2217,3032
2218,3033
2219,3034
2220,3035
2221,3036
2222,3037
2223,3038
2224,3039
2225,3040
2226,3041
2227,3042
2228,3044
2229,3045
2230,3046
2231,3048
2232,3051
2233,3052
2234,3053
2235,3054
2236,3055
2237,3056
2238,3057
2239,3060
2240,3061
2241,3062
2242,3063
2243,3064
2244,3066
2245,3067
2246,3068
2247,3070
2248,3071
2249,3072
2250,3073
2251,3074
2252,3075
2253,3076
2254,3077
2255,3078
2256,3079
2257,3081
2258,3082
2259,3083
2260,3086
2261,3087
2262,3088
2263,3089
2264,3090
2265,3091
2266,3093
2267,3094
2268,3095
2269,3097
2270,3098
2271,3099
2272,3100
2273,3101
2274,3102
2275,3103
2276,3104
2277,3105
2278,3106
2279,3107
2280,3108
2281,3109
2282,3111
2283,3112
2284,3113
2285,3114
2286,3115
2287,3117
2288,3120
2289,3125
2290,3129
2291,3130
2292,3132
2293,3134
2294,3135
2295,3138
2296,3141
2297,3142
2298,3143
2299,3145
2300,3146
2301,3147
2302,3148
2303,3150
2304,3152
2305,3153
2306,3155
2307,3156
2308,3157
2309,3158
2310,3159
2311,3160
2312,3161
2313,3162
2314,3163
2315,3165
2316,3167
2317,3168
2318,3169
2319,3171
2320,3173
2321,3174
2322,3175
2323,3176
2324,3177
2325,3178
2326,3179
2327,3181
2328,3182
2329,3183
2330,3185
2331,3186
2332,3189
2333,3190
2334,3194
2335,3196
2336,3197
2337,3198
2338,3200
2339,3201
2340,3203
2341,3204
2342,3206
2343,3208
2344,3210
2345,3211
2346,3213
2347,3214
2348,3217
2349,3219
2350,3221
2351,3223
2352,3224
2353,3225
2354,3230
2355,3235
2356,3238
2357,3240
2358,3241
2359,3243
2360,3244
2361,3246
2362,3247
2363,3248
2364,3249
2365,3250
2366,3251
2367,3252
2368,3253
2369,3254
2370,3255
2371,3256
2372,3257
2373,3258
2374,3259
2375,3260
2376,3261
2377,3262
2378,3263
2379,3264
2380,3265
2381,3266
2382,3267
2383,3268
2384,3269
2385,3270
2386,3271
2387,3272
2388,3273
2389,3274
2390,3275
2391,3276
2392,3280
2393,3281
2394,3283
2395,3284
2396,3285
2397,3286
2398,3287
2399,3289
2400,3294
2401,3295
2402,3296
2403,3298
2404,3299
2405,3300
2406,3301
2407,3302
2408,3303
2409,3306
2410,3307
2411,3308
2412,3310
2413,3313
2414,3316
2415,3317
2416,3323
2417,3324
2418,3325
2419,3326
2420,3327
2421,3328
2422,3329
2423,3330
2424,3331
2425,3334
2426,3341
2427,3342
2428,3344
2429,3345
2430,3347
2431,3350
2432,3353
2433,3354
2434,3355
2435,3358
2436,3359
2437,3360
2438,3361
2439,3362
2440,3363
2441,3364
2442,3365
2443,3368
2444,3370
2445,3372
2446,3374
2447,3379
2448,3384
2449,3385
2450,3386
2451,3387
2452,3388
2453,3390
2454,3391
2455,3392
2456,3393
2457,3394
2458,3395
2459,3396
2460,3397
2461,3398
2462,3400
2463,3401
2464,3402
2465,3403
2466,3404
2467,3405
2468,3406
2469,3408
2470,3409
2471,3410
2472,3412
2473,3414
2474,3415
2475,3417
2476,3418
2477,3420
2478,3421
2479,3422
2480,3423
2481,3424
2482,3425
2483,3426
2484,3428
2485,3429
2486,3430
2487,3431
2488,3432
2489,3433
2490,3434
2491,3435
2492,3436
2493,3438
2494,3439
2495,3440
2496,3441
2497,3442
2498,3444
2499,3445
2500,3446
2501,3447
2502,3448
2503,3449
2504,3450
2505,3451
2506,3452
2507,3453
2508,3454
2509,3459
2510,3461
2511,3462
2512,3466
2513,3467
2514,3468
2515,3469
2516,3470
2517,3471
2518,3473
2519,3474
2520,3475
2521,3476
2522,3477
2523,3478
2524,3479
2525,3480
2526,3481
2527,3483
2528,3484
2529,3489
2530,3492
2531,3494
2532,3496
2533,3497
2534,3498
2535,3499
2536,3500
2537,3501
2538,3502
2539,3503
2540,3504
2541,3505
2542,3506
2543,3507
2544,3508
2545,3510
2546,3511
2547,3512
2548,3513
2549,3514
2550,3515
2551,3516
2552,3519
2553,3521
2554,3524
2555,3525
2556,3526
2557,3527
2558,3528
2559,3529
2560,3531
2561,3534
2562,3535
2563,3536
2564,3537
2565,3538
2566,3539
2567,3543
2568,3544
2569,3545
2570,3546
2571,3548
2572,3549
2573,3550
2574,3551
2575,3552
2576,3553
2577,3554
2578,3555
2579,3556
2580,3557
2581,3559
2582,3563
2583,3564
2584,3565
2585,3566
2586,3567
2587,3568
2588,3569
2589,3571
2590,3572
2591,3573
2592,3574
2593,3576
2594,3577
2595,3578
2596,3580
2597,3581
2598,3584
2599,3586
2600,3587
2601,3590
2602,3591
2603,3592
2604,3593
2605,3594
2606,3596
2607,3597
2608,3598
2609,3599
2610,3604
2611,3606
2612,3608
2613,3609
2614,3614
2615,3615
2616,3616
2617,3617
2618,3618
2619,3623
2620,3624
2621,3625
2622,3626
2623,3627
2624,3628
2625,3629
2626,3632
2627,3633
2628,3634
2629,3635
2630,3637
2631,3638
2632,3639
2633,3641
2634,3643
2635,3646
2636,3648
2637,3649
2638,3653
2639,3654
2640,3655
2641,3658
2642,3660
2643,3661
2644,3662
2645,3663
2646,3664
2647,3667
2648,3668
2649,3669
2650,3671
2651,3672
2652,3673
2653,3674
2654,3675
2655,3676
2656,3677
2657,3679
2658,3680
2659,3681
2660,3682
2661,3683
2662,3684
2663,3685
2664,3686
2665,3687
2666,3688
2667,3689
2668,3690
2669,3691
2670,3692
2671,3693
2672,3694
2673,3695
2674,3696
2675,3697
2676,3698
2677,3699
2678,3700
2679,3701
2680,3702
2681,3703
2682,3704
2683,3705
2684,3706
2685,3707
2686,3708
2687,3709
2688,3710
2689,3711
2690,3712
2691,3715
2692,3717
2693,3719
2694,3720
2695,3723
2696,3724
2697,3725
2698,3726
2699,3727
2700,3728
2701,3729
2702,3730
2703,3731
2704,3732
2705,3733
2706,3735
2707,3736
2708,3738
2709,3739
2710,3740
2711,3741
2712,3742
2713,3743
2714,3744
2715,3745
2716,3746
2717,3747
2718,3751
2719,3752
2720,3753
2721,3754
2722,3755
2723,3756
2724,3758
2725,3760
2726,3761
2727,3763
2728,3764
2729,3765
2730,3766
2731,3767
2732,3768
2733,3769
2734,3770
2735,3771
2736,3773
2737,3774
2738,3783
2739,3784
2740,3785
2741,3786
2742,3787
2743,3788
2744,3789
2745,3790
2746,3791
2747,3793
2748,3794
2749,3795
2750,3797
2751,3798
2752,3799
2753,3801
2754,3802
2755,3806
2756,3807
2757,3808
2758,3809
2759,3810
2760,3811
2761,3812
2762,3813
2763,3814
2764,3816
2765,3819
2766,3821
2767,3822
2768,3823
2769,3824
2770,3825
2771,3826
2772,3827
2773,3830
2774,3831
2775,3832
2776,3833
2777,3834
2778,3835
2779,3836
2780,3837
2781,3838
2782,3839
2783,3840
2784,3841
2785,3843
2786,3844
2787,3845
2788,3846
2789,3847
2790,3849
2791,3851
2792,3852
2793,3855
2794,3857
2795,3858
2796,3859
2797,3861
2798,3862
2799,3863
2800,3864
2801,3865
2802,3868
2803,3869
2804,3870
2805,3871
2806,3872
2807,3873
2808,3877
2809,3879
2810,3882
2811,3884
2812,3889
2813,3893
2814,3894
2815,3896
2816,3897
2817,3898
2818,3900
2819,3901
2820,3906
2821,3908
2822,3909
2823,3910
2824,3911
2825,3912
2826,3915
2827,3916
2828,3917
2829,3918
2830,3919
2831,3920
2832,3922
2833,3925
2834,3927
2835,3928
2836,3929
2837,3930
2838,3932
2839,3937
2840,3938
2841,3939
2842,3940
2843,3943
2844,3945
2845,3946
2846,3947
2847,3948
2848,3949
2849,3950
2850,3951
2851,3952
2852,3953
2853,3955
2854,3957
2855,3959
2856,3962
2857,3963
2858,3964
2859,3965
2860,3966
2861,3967
2862,3968
2863,3969
2864,3971
2865,3972
2866,3973
2867,3974
2868,3977
2869,3978
2870,3979
2871,3980
2872,3981
2873,3983
2874,3984
2875,3985
2876,3986
2877,3987
2878,3988
2879,3989
2880,3990
2881,3991
2882,3992
2883,3993
2884,3994
2885,3996
2886,3997
2887,3998
2888,3999
2889,4000
2890,4002
2891,4003
2892,4005
2893,4006
2894,4007
2895,4008
2896,4009
2897,4010
2898,4011
2899,4012
2900,4014
2901,4015
2902,4016
2903,4017
2904,4018
2905,4019
2906,4020
2907,4021
2908,4022
2909,4023
2910,4024
2911,4025
2912,4027
2913,4029
2914,4030
2915,4031
2916,4032
2917,4033
2918,4034
2919,4035
2920,4036
2921,4037
2922,4039
2923,4040
2924,4041
2925,4042
2926,4043
2927,4046
2928,4047
2929,4051
2930,4052
2931,4053
2932,4054
2933,4055
2934,4056
2935,4061
2936,4062
2937,4063
2938,4064
2939,4065
2940,4066
2941,4067
2942,4068
2943,4069
2944,4074
2945,4079
2946,4080
2947,4081
2948,4082
2949,4083
2950,4084
2951,4085
2952,4086
2953,4089
2954,4090
2955,4091
2956,4092
2957,4093
2958,4102
2959,4103
2960,4104
2961,4105
2962,4109
2963,4110
2964,4111
2965,4113
2966,4115
2967,4116
2968,4117
2969,4121
2970,4123
2971,4124
2972,4125
2973,4126
2974,4127
2975,4128
2976,4130
2977,4131
2978,4132
2979,4133
2980,4135
2981,4141
2982,4142
2983,4143
2984,4144
2985,4146
2986,4147
2987,4148
2988,4149
2989,4152
2990,4153
2991,4154
2992,4155
2993,4156
2994,4157
2995,4158
2996,4159
2997,4160
2998,4161
2999,4164
3000,4166
3001,4167
3002,4168
3003,4171
3004,4174
3005,4175
3006,4178
3007,4180
3008,4181
3009,4184
3010,4187
3011,4189
3012,4190
3013,4191
3014,4193
3015,4195
3016,4197
3017,4198
3018,4200
3019,4203
3020,4204
3021,4205
3022,4207
3023,4210
3024,4211
3025,4214
3026,4215
3027,4217
3028,4218
3029,4219
3030,4220
3031,4221
3032,4223
3033,4224
3034,4225
3035,4226
3036,4228
3037,4229
3038,4231
3039,4232
3040,4233
3041,4234
3042,4235
3043,4236
3044,4237
3045,4238
3046,4239
3047,4240
3048,4241
3049,4242
3050,4243
3051,4246
3052,4247
3053,4248
3054,4252
3055,4254
3056,4255
3057,4256
3058,4259
3059,4260
3060,4262
3061,4263
3062,4265
3063,4267
3064,4268
3065,4270
3066,4273
3067,4275
3068,4276
3069,4278
3070,4280
3071,4282
3072,4284
3073,4285
3074,4290
3075,4291
3076,4292
3077,4293
3078,4294
3079,4296
3080,4297
3081,4298
3082,4299
3083,4300
3084,4304
3085,4305
3086,4306
3087,4307
3088,4308
3089,4310
3090,4312
3091,4313
3092,4316
3093,4317
3094,4321
3095,4322
3096,4323
3097,4326
3098,4327
3099,4329
3100,4333
3101,4334
3102,4337
3103,4338
3104,4339
3105,4340
3106,4342
3107,4343
3108,4344
3109,4345
3110,4347
3111,4349
3112,4350
3113,4351
3114,4354
3115,4355
3116,4356
3117,4357
3118,4359
3119,4361
3120,4366
3121,4367
3122,4368
3123,4369
3124,4370
3125,4371
3126,4372
3127,4373
3128,4374
3129,4378
3130,4380
3131,4381
3132,4383
3133,4384
3134,4386
3135,4387
3136,4388
3137,4389
3138,4390
3139,4392
3140,4393
3141,4394
3142,4395
3143,4396
3144,4397
3145,4399
3146,4402
3147,4403
3148,4406
3149,4407
3150,4408
3151,4409
3152,4410
3153,4412
3154,4419
3155,4420
3156,4422
3157,4424
3158,4426
3159,4427
3160,4429
3161,4432
3162,4433
3163,4434
3164,4436
3165,4437
3166,4438
3167,4439
3168,4440
3169,4441
3170,4442
3171,4443
3172,4444
3173,4446
3174,4447
3175,4448
3176,4450
3177,4451
3178,4452
3179,4454
3180,4458
3181,4462
3182,4463
3183,4464
3184,4465
3185,4466
3186,4467
3187,4470
3188,4471
3189,4474
3190,4475
3191,4476
3192,4477
3193,4478
3194,4480
3195,4482
3196,4483
3197,4484
3198,4487
3199,4488
3200,4489
3201,4490
3202,4492
3203,4496
3204,4497
3205,4498
3206,4499
3207,4500
3208,4502
3209,4504
3210,4505
3211,4506
3212,4508
3213,4509
3214,4511
3215,4516
3216,4517
3217,4518
3218,4519
3219,4520
3220,4521
3221,4522
3222,4523
3223,4524
3224,4526
3225,4527
3226,4529
3227,4531
3228,4533
3229,4534
3230,4535
3231,4537
3232,4541
3233,4544
3234,4545
3235,4546
3236,4552
3237,4553
3238,4557
3239,4558
3240,4563
3241,4564
3242,4565
3243,4571
3244,4572
3245,4573
3246,4574
3247,4577
3248,4578
3249,4580
3250,4581
3251,4584
3252,4585
3253,4587
3254,4589
3255,4591
3256,4593
3257,4595
3258,4597
3259,4599
3260,4600
3261,4602
3262,4603
3263,4605
3264,4608
3265,4610
3266,4612
3267,4613
3268,4614
3269,4615
3270,4616
3271,4617
3272,4619
3273,4621
3274,4622
3275,4623
3276,4624
3277,4625
3278,4626
3279,4628
3280,4629
3281,4630
3282,4632
3283,4636
3284,4638
3285,4639
3286,4641
3287,4642
3288,4643
3289,4644
3290,4645
3291,4646
3292,4649
3293,4653
3294,4654
3295,4658
3296,4660
3297,4661
3298,4662
3299,4663
3300,4666
3301,4671
3302,4672
3303,4673
3304,4675
3305,4676
3306,4677
3307,4678
3308,4679
3309,4681
3310,4683
3311,4686
3312,4687
3313,4688
3314,4689
3315,4695
3316,4697
3317,4699
3318,4700
3319,4701
3320,4703
3321,4704
3322,4705
3323,4708
3324,4709
3325,4710
3326,4711
3327,4713
3328,4714
3329,4717
3330,4718
3331,4719
3332,4720
3333,4721
3334,4723
3335,4725
3336,4727
3337,4728
3338,4732
3339,4733
3340,4734
3341,4735
3342,4736
3343,4738
3344,4741
3345,4743
3346,4744
3347,4745
3348,4748
3349,4749
3350,4750
3351,4754
3352,4756
3353,4757
3354,4765
3355,4766
3356,4769
3357,4770
3358,4771
3359,4772
3360,4773
3361,4774
3362,4775
3363,4776
3364,4780
3365,4782
3366,4783
3367,4784
3368,4785
3369,4786
3370,4787
3371,4789
3372,4792
3373,4794
3374,4795
3375,4796
3376,4799
3377,4800
3378,4801
3379,4802
3380,4803
3381,4804
3382,4808
3383,4809
3384,4810
3385,4811
3386,4812
3387,4813
3388,4814
3389,4815
3390,4816
3391,4818
3392,4821
3393,4822
3394,4823
3395,4825
3396,4827
3397,4828
3398,4830
3399,4831
3400,4833
3401,4835
3402,4836
3403,4840
3404,4844
3405,4845
3406,4846
3407,4847
3408,4848
3409,4850
3410,4852
3411,4855
3412,4857
3413,4860
3414,4862
3415,4863
3416,4865
3417,4866
3418,4867
3419,4871
3420,4873
3421,4874
3422,4876
3423,4877
3424,4878
3425,4879
3426,4880
3427,4881
3428,4883
3429,4885
3430,4886
3431,4887
3432,4888
3433,4889
3434,4890
3435,4893
3436,4896
3437,4898
3438,4899
3439,4900
3440,4901
3441,4902
3442,4903
3443,4909
3444,4911
3445,4912
3446,4914
3447,4915
3448,4916
3449,4917
3450,4919
3451,4920
3452,4921
3453,4927
3454,4928
3455,4929
3456,4932
3457,4936
3458,4939
3459,4941
3460,4942
3461,4946
3462,4947
3463,4951
3464,4952
3465,4953
3466,4954
3467,4956
3468,4957
3469,4958
3470,4959
3471,4961
3472,4962
3473,4963
3474,4964
3475,4965
3476,4966
3477,4967
3478,4969
3479,4971
3480,4973
3481,4974
3482,4975
3483,4976
3484,4977
3485,4978
3486,4979
3487,4980
3488,4981
3489,4985
3490,4987
3491,4988
3492,4989
3493,4990
3494,4991
3495,4992
3496,4993
3497,4994
3498,4995
3499,4998
3500,5004
3501,5007
3502,5008
3503,5009
3504,5010
3505,5011
3506,5012
3507,5013
3508,5014
3509,5015
3510,5016
3511,5021
3512,5023
3513,5025
3514,5026
3515,5027
3516,5028
3517,5033
3518,5034
3519,5039
3520,5040
3521,5046
3522,5047
3523,5048
3524,5049
3525,5051
3526,5053
3527,5055
3528,5059
3529,5060
3530,5062
3531,5063
3532,5064
3533,5065
3534,5066
3535,5068
3536,5069
3537,5071
3538,5072
3539,5073
3540,5074
3541,5075
3542,5076
3543,5077
3544,5080
3545,5081
3546,5083
3547,5088
3548,5092
3549,5093
3550,5094
3551,5096
3552,5099
3553,5102
3554,5103
3555,5105
3556,5106
3557,5107
3558,5108
3559,5109
3560,5110
3561,5111
3562,5113
3563,5114
3564,5120
3565,5121
3566,5127
3567,5128
3568,5131
3569,5134
3570,5135
3571,5136
3572,5137
3573,5139
3574,5146
3575,5147
3576,5151
3577,5152
3578,5159
3579,5165
3580,5168
3581,5170
3582,5171
3583,5177
3584,5178
3585,5181
3586,5187
3587,5197
3588,5202
3589,5205
3590,5209
3591,5212
3592,5213
3593,5214
3594,5218
3595,5219
3596,5220
3597,5221
3598,5222
3599,5224
3600,5225
3601,5226
3602,5238
3603,5239
3604,5240
3605,5241
3606,5244
3607,5246
3608,5247
3609,5248
3610,5250
3611,5254
3612,5255
3613,5256
3614,5258
3615,5264
3616,5265
3617,5266
3618,5267
3619,5269
3620,5275
3621,5278
3622,5279
3623,5283
3624,5284
3625,5285
3626,5288
3627,5291
3628,5292
3629,5293
3630,5294
3631,5296
3632,5297
3633,5298
3634,5299
3635,5300
3636,5303
3637,5304
3638,5307
3639,5308
3640,5309
3641,5311
3642,5312
3643,5313
3644,5316
3645,5319
3646,5321
3647,5322
3648,5323
3649,5324
3650,5325
3651,5328
3652,5329
3653,5333
3654,5337
3655,5338
3656,5339
3657,5341
3658,5345
3659,5346
3660,5347
3661,5348
3662,5349
3663,5357
3664,5358
3665,5361
3666,5363
3667,5364
3668,5372
3669,5373
3670,5377
3671,5378
3672,5379
3673,5380
3674,5382
3675,5384
3676,5385
3677,5387
3678,5388
3679,5389
3680,5390
3681,5391
3682,5397
3683,5398
3684,5400
3685,5401
3686,5404
3687,5409
3688,5410
3689,5414
3690,5415
3691,5416
3692,5417
3693,5418
3694,5419
3695,5420
3696,5421
3697,5423
3698,5424
3699,5425
3700,5427
3701,5428
3702,5433
3703,5434
3704,5435
3705,5437
3706,5438
3707,5440
3708,5442
3709,5443
3710,5444
3711,5445
3712,5446
3713,5447
3714,5448
3715,5449
3716,5450
3717,5451
3718,5452
3719,5454
3720,5455
3721,5456
3722,5458
3723,5459
3724,5460
3725,5462
3726,5463
3727,5464
3728,5466
3729,5468
3730,5470
3731,5471
3732,5472
3733,5475
3734,5476
3735,5477
3736,5478
3737,5479
3738,5480
3739,5481
3740,5485
3741,5486
3742,5489
3743,5493
3744,5497
3745,5499
3746,5500
3747,5501
3748,5502
3749,5503
3750,5504
3751,5505
3752,5506
3753,5507
3754,5508
3755,5512
3756,5515
3757,5521
3758,5522
3759,5523
3760,5524
3761,5525
3762,5527
3763,5528
3764,5529
3765,5530
3766,5531
3767,5532
3768,5537
3769,5538
3770,5539
3771,5540
3772,5541
3773,5544
3774,5548
3775,5553
3776,5556
3777,5560
3778,5562
3779,5563
3780,5564
3781,5568
3782,5569
3783,5570
3784,5572
3785,5573
3786,5574
3787,5575
3788,5577
3789,5580
3790,5581
3791,5582
3792,5585
3793,5588
3794,5589
3795,5590
3796,5596
3797,5597
3798,5603
3799,5604
3800,5607
3801,5608
3802,5609
3803,5610
3804,5611
3805,5612
3806,5613
3807,5614
3808,5617
3809,5618
3810,5619
3811,5620
3812,5621
3813,5625
3814,5628
3815,5629
3816,5630
3817,5632
3818,5633
3819,5635
3820,5636
3821,5637
3822,5638
3823,5643
3824,5644
3825,5646
3826,5649
3827,5650
3828,5663
3829,5664
3830,5665
3831,5666
3832,5667
3833,5668
3834,5669
3835,5670
3836,5672
3837,5673
3838,5675
3839,5678
3840,5679
3841,5680
3842,5682
3843,5684
3844,5685
3845,5688
3846,5690
3847,5693
3848,5696
3849,5699
3850,5700
3851,5704
3852,5706
3853,5707
3854,5710
3855,5712
3856,5720
3857,5723
3858,5733
3859,5735
3860,5736
3861,5741
3862,5742
3863,5745
3864,5746
3865,5747
3866,5749
3867,5752
3868,5755
3869,5767
3870,5768
3871,5771
3872,5772
3873,5773
3874,5779
3875,5780
3876,5782
3877,5784
3878,5785
3879,5786
3880,5787
3881,5788
3882,5791
3883,5792
3884,5796
3885,5797
3886,5799
3887,5802
3888,5803
3889,5804
3890,5809
3891,5810
3892,5812
3893,5816
3894,5817
3895,5818
3896,5820
3897,5826
3898,5828
3899,5833
3900,5836
3901,5840
3902,5841
3903,5843
3904,5847
3905,5849
3906,5853
3907,5856
3908,5863
3909,5867
3910,5872
3911,5873
3912,5874
3913,5875
3914,5876
3915,5878
3916,5879
3917,5880
3918,5881
3919,5882
3920,5883
3921,5884
3922,5888
3923,5889
3924,5890
3925,5891
3926,5893
3927,5896
3928,5899
3929,5900
3930,5901
3931,5902
3932,5903
3933,5909
3934,5915
3935,5919
3936,5922
3937,5925
3938,5927
3939,5929
3940,5932
3941,5938
3942,5941
3943,5942
3944,5943
3945,5944
3946,5945
3947,5947
3948,5949
3949,5951
3950,5952
3951,5953
3952,5954
3953,5955
3954,5956
3955,5957
3956,5959
3957,5961
3958,5962
3959,5963
3960,5965
3961,5968
3962,5969
3963,5970
3964,5971
3965,5974
3966,5975
3967,5979
3968,5980
3969,5984
3970,5986
3971,5988
3972,5989
3973,5990
3974,5991
3975,5992
3976,5993
3977,5994
3978,5995
3979,5999
3980,6001
3981,6002
3982,6003
3983,6005
3984,6006
3985,6009
3986,6012
3987,6013
3988,6014
3989,6016
3990,6020
3991,6022
3992,6023
3993,6025
3994,6027
3995,6030
3996,6031
3997,6035
3998,6036
3999,6039
4000,6040
4001,6041
4002,6044
4003,6051
4004,6055
4005,6057
4006,6058
4007,6059
4008,6060
4009,6062
4010,6063
4011,6064
4012,6067
4013,6078
4014,6086
4015,6090
4016,6093
4017,6095
4018,6100
4019,6101
4020,6104
4021,6111
4022,6116
4023,6119
4024,6122
4025,6123
4026,6124
4027,6125
4028,6140
4029,6141
4030,6143
4031,6145
4032,6148
4033,6153
4034,6155
4035,6156
4036,6157
4037,6158
4038,6159
4039,6162
4040,6166
4041,6169
4042,6170
4043,6181
4044,6183
4045,6184
4046,6186
4047,6187
4048,6188
4049,6192
4050,6193
4051,6195
4052,6196
4053,6197
4054,6201
4055,6202
4056,6203
4057,6204
4058,6210
4059,6212
4060,6213
4061,6214
4062,6215
4063,6216
4064,6217
4065,6218
4066,6219
4067,6220
4068,6222
4069,6223
4070,6225
4071,6232
4072,6235
4073,6237
4074,6238
4075,6239
4076,6241
4077,6242
4078,6244
4079,6246
4080,6249
4081,6250
4082,6251
4083,6252
4084,6254
4085,6263
4086,6264
4087,6265
4088,6266
4089,6267
4090,6268
4091,6269
4092,6270
4093,6271
4094,6279
4095,6280
4096,6281
4097,6283
4098,6285
4099,6286
4100,6287
4101,6288
4102,6289
4103,6290
4104,6291
4105,6294
4106,6295
4107,6296
4108,6297
4109,6298
4110,6299
4111,6300
4112,6301
4113,6302
4114,6303
4115,6305
4116,6306
4117,6308
4118,6310
4119,6313
4120,6314
4121,6315
4122,6316
4123,6319
4124,6320
4125,6322
4126,6323
4127,6324
4128,6327
4129,6329
4130,6330
4131,6331
4132,6332
4133,6333
4134,6334
4135,6335
4136,6336
4137,6337
4138,6338
4139,6339
4140,6341
4141,6345
4142,6347
4143,6348
4144,6349
4145,6350
4146,6357
4147,6358
4148,6365
4149,6367
4150,6368
4151,6370
4152,6373
4153,6374
4154,6375
4155,6376
4156,6377
4157,6378
4158,6379
4159,6380
4160,6382
4161,6383
4162,6385
4163,6386
4164,6387
4165,6400
4166,6402
4167,6407
4168,6408
4169,6410
4170,6412
4171,6415
4172,6417
4173,6422
4174,6424
4175,6425
4176,6427
4177,6428
4178,6429
4179,6433
4180,6434
4181,6436
4182,6440
4183,6442
4184,6448
4185,6449
4186,6454
4187,6460
4188,6461
4189,6464
4190,6466
4191,6476
4192,6477
4193,6482
4194,6483
4195,6484
4196,6493
4197,6502
4198,6503
4199,6506
4200,6509
4201,6514
4202,6515
4203,6516
4204,6517
4205,6523
4206,6527
4207,6528
4208,6530
4209,6534
4210,6535
4211,6536
4212,6537
4213,6538
4214,6539
4215,6541
4216,6542
4217,6547
4218,6548
4219,6549
4220,6550
4221,6552
4222,6553
4223,6554
4224,6557
4225,6558
4226,6559
4227,6561
4228,6563
4229,6564
4230,6565
4231,6566
4232,6567
4233,6568
4234,6571
4235,6572
4236,6573
4237,6574
4238,6577
4239,6578
4240,6579
4241,6581
4242,6582
4243,6584
4244,6586
4245,6587
4246,6588
4247,6591
4248,6592
4249,6593
4250,6595
4251,6596
4252,6597
4253,6603
4254,6611
4255,6612
4256,6614
4257,6615
4258,6616
4259,6617
4260,6618
4261,6619
4262,6620
4263,6624
4264,6625
4265,6628
4266,6629
4267,6631
4268,6636
4269,6639
4270,6643
4271,6644
4272,6645
4273,6650
4274,6656
4275,6658
4276,6659
4277,6660
4278,6662
4279,6663
4280,6664
4281,6665
4282,6666
4283,6669
4284,6671
4285,6679
4286,6686
4287,6687
4288,6688
4289,6689
4290,6691
4291,6692
4292,6695
4293,6696
4294,6702
4295,6706
4296,6707
4297,6708
4298,6709
4299,6710
4300,6711
4301,6713
4302,6715
4303,6718
4304,6720
4305,6721
4306,6722
4307,6723
4308,6724
4309,6731
4310,6732
4311,6734
4312,6744
4313,6748
4314,6750
4315,6751
4316,6752
4317,6753
4318,6754
4319,6755
4320,6760
4321,6763
4322,6764
4323,6765
4324,6768
4325,6769
4326,6770
4327,6772
4328,6773
4329,6774
4330,6776
4331,6777
4332,6780
4333,6782
4334,6783
4335,6785
4336,6786
4337,6787
4338,6788
4339,6790
4340,6791
4341,6793
4342,6794
4343,6796
4344,6797
4345,6798
4346,6800
4347,6803
4348,6804
4349,6807
4350,6808
4351,6809
4352,6810
4353,6811
4354,6812
4355,6814
4356,6817
4357,6818
4358,6820
4359,6821
4360,6827
4361,6832
4362,6835
4363,6836
4364,6837
4365,6850
4366,6851
4367,6852
4368,6853
4369,6856
4370,6857
4371,6858
4372,6860
4373,6862
4374,6863
4375,6867
4376,6868
4377,6869
4378,6870
4379,6872
4380,6873
4381,6874
4382,6879
4383,6880
4384,6881
4385,6882
4386,6883
4387,6884
4388,6885
4389,6886
4390,6887
4391,6888
4392,6889
4393,6890
4394,6893
4395,6898
4396,6899
4397,6902
4398,6909
4399,6911
4400,6912
4401,6918
4402,6920
4403,6927
4404,6932
4405,6934
4406,6936
4407,6938
4408,6939
4409,6942
4410,6944
4411,6945
4412,6946
4413,6947
4414,6948
4415,6949
4416,6950
4417,6951
4418,6952
4419,6953
4420,6954
4421,6957
4422,6958
4423,6959
4424,6961
4425,6962
4426,6963
4427,6965
4428,6966
4429,6967
4430,6969
4431,6970
4432,6973
4433,6974
4434,6975
4435,6978
4436,6979
4437,6981
4438,6982
4439,6983
4440,6985
4441,6986
4442,6987
4443,6989
4444,6990
4445,6992
4446,6993
4447,6996
4448,6997
4449,6999
4450,7000
4451,7001
4452,7004
4453,7005
4454,7007
4455,7008
4456,7009
4457,7010
4458,7012
4459,7013
4460,7015
4461,7016
4462,7017
4463,7018
4464,7019
4465,7022
4466,7023
4467,7024
4468,7025
4469,7026
4470,7027
4471,7028
4472,7033
4473,7034
4474,7036
4475,7037
4476,7038
4477,7040
4478,7041
4479,7044
4480,7045
4481,7046
4482,7048
4483,7049
4484,7050
4485,7051
4486,7052
4487,7053
4488,7054
4489,7056
4490,7057
4491,7058
4492,7059
4493,7060
4494,7062
4495,7063
4496,7064
4497,7067
4498,7069
4499,7070
4500,7071
4501,7072
4502,7073
4503,7074
4504,7075
4505,7076
4506,7078
4507,7079
4508,7080
4509,7082
4510,7083
4511,7084
4512,7085
4513,7086
4514,7087
4515,7088
4516,7089
4517,7090
4518,7091
4519,7092
4520,7093
4521,7099
4522,7101
4523,7102
4524,7104
4525,7107
4526,7108
4527,7109
4528,7114
4529,7115
4530,7116
4531,7117
4532,7118
4533,7121
4534,7122
4535,7123
4536,7124
4537,7125
4538,7131
4539,7132
4540,7134
4541,7137
4542,7139
4543,7142
4544,7143
4545,7147
4546,7149
4547,7150
4548,7151
4549,7153
4550,7154
4551,7155
4552,7156
4553,7158
4554,7160
4555,7161
4556,7162
4557,7163
4558,7164
4559,7165
4560,7167
4561,7169
4562,7171
4563,7173
4564,7175
4565,7176
4566,7177
4567,7178
4568,7179
4569,7181
4570,7184
4571,7190
4572,7191
4573,7192
4574,7193
4575,7202
4576,7206
4577,7209
4578,7211
4579,7212
4580,7215
4581,7216
4582,7218
4583,7219
4584,7222
4585,7223
4586,7225
4587,7228
4588,7234
4589,7235
4590,7236
4591,7243
4592,7245
4593,7247
4594,7248
4595,7254
4596,7255
4597,7256
4598,7257
4599,7258
4600,7259
4601,7260
4602,7261
4603,7262
4604,7263
4605,7264
4606,7265
4607,7266
4608,7282
4609,7285
4610,7292
4611,7293
4612,7294
4613,7297
4614,7299
4615,7301
4616,7302
4617,7303
4618,7304
4619,7305
4620,7307
4621,7308
4622,7310
4623,7311
4624,7312
4625,7315
4626,7316
4627,7317
4628,7318
4629,7319
4630,7320
4631,7321
4632,7323
4633,7324
4634,7325
4635,7326
4636,7327
4637,7328
4638,7333
4639,7335
4640,7340
4641,7345
4642,7346
4643,7347
4644,7348
4645,7349
4646,7352
4647,7354
4648,7357
4649,7360
4650,7361
4651,7362
4652,7364
4653,7366
4654,7367
4655,7368
4656,7369
4657,7371
4658,7372
4659,7373
4660,7375
4661,7376
4662,7377
4663,7379
4664,7380
4665,7381
4666,7382
4667,7386
4668,7387
4669,7390
4670,7394
4671,7395
4672,7396
4673,7411
4674,7414
4675,7419
4676,7438
4677,7439
4678,7440
4679,7443
4680,7444
4681,7445
4682,7448
4683,7449
4684,7450
4685,7451
4686,7454
4687,7455
4688,7458
4689,7459
4690,7460
4691,7477
4692,7481
4693,7482
4694,7486
4695,7487
4696,7492
4697,7493
4698,7541
4699,7562
4700,7564
4701,7566
4702,7569
4703,7570
4704,7572
4705,7573
4706,7579
4707,7581
4708,7584
4709,7587
4710,7614
4711,7615
4712,7616
4713,7618
4714,7619
4715,7620
4716,7624
4717,7636
4718,7646
4719,7647
4720,7649
4721,7650
4722,7669
4723,7698
4724,7700
4725,7701
4726,7702
4727,7704
4728,7705
4729,7706
4730,7707
4731,7708
4732,7713
4733,7714
4734,7720
4735,7727
4736,7728
4737,7730
4738,7743
4739,7745
4740,7748
4741,7749
4742,7753
4743,7756
4744,7757
4745,7762
4746,7766
4747,7767
4748,7772
4749,7773
4750,7781
4751,7782
4752,7786
4753,7789
4754,7802
4755,7810
4756,7811
4757,7812
4758,7815
4759,7820
4760,7822
4761,7826
4762,7832
4763,7833
4764,7834
4765,7835
4766,7839
4767,7840
4768,7841
4769,7842
4770,7843
4771,7844
4772,7845
4773,7846
4774,7882
4775,7883
4776,7884
4777,7888
4778,7891
4779,7894
4780,7895
4781,7896
4782,7900
4783,7916
4784,7920
4785,7924
4786,7925
4787,7926
4788,7930
4789,7932
4790,7934
4791,7936
4792,7937
4793,7938
4794,7939
4795,7940
4796,7943
4797,7944
4798,7951
4799,7976
4800,7979
4801,7980
4802,7981
4803,7982
4804,7983
4805,7984
4806,7986
4807,7987
4808,7991
4809,7993
4810,8008
4811,8010
4812,8011
4813,8012
4814,8014
4815,8015
4816,8016
4817,8019
4818,8024
4819,8025
4820,8033
4821,8035
4822,8042
4823,8043
4824,8044
4825,8045
4826,8092
4827,8093
4828,8094
4829,8117
4830,8118
4831,8119
4832,8121
4833,8125
4834,8126
4835,8128
4836,8132
4837,8136
4838,8138
4839,8142
4840,8143
4841,8147
4842,8154
4843,8157
4844,8158
4845,8167
4846,8169
4847,8183
4848,8188
4849,8189
4850,8190
4851,8191
4852,8195
4853,8197
4854,8199
4855,8207
4856,8228
4857,8232
4858,8235
4859,8236
4860,8238
4861,8239
4862,8241
4863,8253
4864,8254
4865,8261
4866,8264
4867,8266
4868,8268
4869,8270
4870,8275
4871,8290
4872,8293
4873,8302
4874,8327
4875,8331
4876,8335
4877,8336
4878,8337
4879,8340
4880,8341
4881,8360
4882,8361
4883,8362
4884,8363
4885,8364
4886,8366
4887,8368
4888,8370
4889,8371
4890,8372
4891,8373
4892,8375
4893,8376
4894,8378
4895,8379
4896,8380
4897,8385
4898,8387
4899,8391
4900,8405
4901,8410
4902,8426
4903,8446
4904,8447
4905,8450
4906,8451
4907,8454
4908,8456
4909,8458
4910,8459
4911,8462
4912,8464
4913,8465
4914,8477
4915,8481
4916,8482
4917,8484
4918,8487
4919,8491
4920,8492
4921,8493
4922,8494
4923,8495
4924,8501
4925,8502
4926,8506
4927,8507
4928,8511
4929,8512
4930,8518
4931,8521
4932,8526
4933,8528
4934,8529
4935,8530
4936,8531
4937,8532
4938,8533
4939,8534
4940,8535
4941,8542
4942,8571
4943,8574
4944,8575
4945,8577
4946,8578
4947,8580
4948,8581
4949,8588
4950,8593
4951,8596
4952,8600
4953,8601
4954,8604
4955,8605
4956,8607
4957,8609
4958,8610
4959,8611
4960,8614
4961,8617
4962,8620
4963,8622
4964,8623
4965,8626
4966,8632
4967,8633
4968,8636
4969,8638
4970,8640
4971,8641
4972,8643
4973,8644
4974,8645
4975,8650
4976,8656
4977,8665
4978,8666
4979,8667
4980,8670
4981,8677
4982,8685
4983,8690
4984,8695
4985,8711
4986,8713
4987,8714
4988,8718
4989,8720
4990,8724
4991,8727
4992,8730
4993,8738
4994,8748
4995,8753
4996,8754
4997,8755
4998,8771
4999,8774
5000,8778
5001,8781
5002,8782
5003,8783
5004,8784
5005,8795
5006,8796
5007,8798
5008,8799
5009,8800
5010,8804
5011,8807
5012,8808
5013,8809
5014,8810
5015,8813
5016,8814
5017,8815
5018,8827
5019,8830
5020,8831
5021,8832
5022,8833
5023,8835
5024,8836
5025,8838
5026,8844
5027,8848
5028,8860
5029,8861
5030,8864
5031,8865
5032,8866
5033,8869
5034,8870
5035,8873
5036,8874
5037,8875
5038,8879
5039,8880
5040,8894
5041,8905
5042,8906
5043,8907
5044,8908
5045,8910
5046,8912
5047,8914
5048,8915
5049,8916
5050,8917
5051,8918
5052,8919
5053,8921
5054,8928
5055,8934
5056,8937
5057,8938
5058,8939
5059,8943
5060,8946
5061,8947
5062,8948
5063,8949
5064,8950
5065,8951
5066,8952
5067,8954
5068,8955
5069,8957
5070,8958
5071,8959
5072,8961
5073,8964
5074,8965
5075,8966
5076,8967
5077,8968
5078,8969
5079,8970
5080,8972
5081,8973
5082,8974
5083,8977
5084,8978
5085,8981
5086,8982
5087,8983
5088,8984
5089,8985
5090,8987
5091,8989
5092,8998
5093,9005
5094,9010
5095,9018
5096,25746
5097,25750
5098,25757
5099,25769
5100,25771
5101,25773
5102,25788
5103,25795
5104,25805
5105,25825
5106,25827
5107,25834
5108,25841
5109,25850
5110,25856
5111,25865
5112,25870
5113,25886
5114,25887
5115,25898
5116,25905
5117,25923
5118,25927
5119,25937
5120,25940
5121,25946
5122,25952
5123,25959
5124,25962
5125,25963
5126,25996
5127,25999
5128,26002
5129,26038
5130,26048
5131,26052
5132,26059
5133,26073
5134,26078
5135,26082
5136,26084
5137,26095
5138,26116
5139,26122
5140,26124
5141,26131
5142,26133
5143,26150
5144,26151
5145,26152
5146,26158
5147,26159
5148,26169
5149,26171
5150,26172
5151,26183
5152,26184
5153,26195
5154,26198
5155,26225
5156,26231
5157,26237
5158,26242
5159,26249
5160,26258
5161,26265
5162,26283
5163,26285
5164,26303
5165,26313
5166,26317
5167,26322
5168,26326
5169,26340
5170,26344
5171,26347
5172,26357
5173,26365
5174,26366
5175,26375
5176,26391
5177,26394
5178,26409
5179,26413
5180,26422
5181,26429
5182,26444
5183,26453
5184,26464
5185,26471
5186,26472
5187,26492
5188,26498
5189,26504
5190,26510
5191,26523
5192,26524
5193,26527
5194,26528
5195,26539
5196,26542
5197,26547
5198,26554
5199,26555
5200,26564
5201,26567
5202,26578
5203,26585
5204,26587
5205,26590
5206,26593
5207,26599
5208,26603
5209,26606
5210,26612
5211,26614
5212,26622
5213,26629
5214,26645
5215,26649
5216,26662
5217,26680
5218,26681
5219,26686
5220,26693
5221,26694
5222,26695
5223,26696
5224,26700
5225,26704
5226,26712
5227,26713
5228,26717
5229,26726
5230,26729
5231,26732
5232,26736
5233,26741
5234,26743
5235,26745
5236,26750
5237,26761
5238,26764
5239,26765
5240,26776
5241,26777
5242,26778
5243,26782
5244,26791
5245,26792
5246,26796
5247,26810
5248,26812
5249,26828
5250,26838
5251,26840
5252,26849
5253,26854
5254,26861
5255,26865
5256,26870
5257,26871
5258,26875
5259,26887
5260,26903
5261,26913
5262,26928
5263,26940
5264,26947
5265,26958
5266,26965
5267,26974
5268,26985
5269,26999
5270,27003
5271,27006
5272,27008
5273,27020
5274,27032
5275,27036
5276,27074
5277,27105
5278,27134
5279,27140
5280,27155
5281,27156
5282,27176
5283,27178
5284,27186
5285,27193
5286,27246
5287,27251
5288,27266
5289,27306
5290,27311
5291,27317
5292,27320
5293,27328
5294,27329
5295,27368
5296,27369
5297,27373
5298,27397
5299,27408
5300,27416
5301,27420
5302,27426
5303,27434
5304,27441
5305,27478
5306,27480
5307,27482
5308,27491
5309,27513
5310,27523
5311,27537
5312,27539
5313,27549
5314,27555
5315,27563
5316,27584
5317,27592
5318,27595
5319,27604
5320,27611
5321,27618
5322,27619
5323,27644
5324,27660
5325,27664
5326,27674
5327,27683
5328,27685
5329,27692
5330,27695
5331,27705
5332,27706
5333,27708
5334,27716
5335,27721
5336,27722
5337,27728
5338,27731
5339,27741
5340,27744
5341,27746
5342,27751
5343,27762
5344,27768
5345,27769
5346,27772
5347,27773
5348,27776
5349,27778
5350,27784
5351,27788
5352,27790
5353,27793
5354,27801
5355,27802
5356,27803
5357,27808
5358,27815
5359,27820
5360,27821
5361,27822
5362,27826
5363,27829
5364,27830
5365,27831
5366,27834
5367,27837
5368,27838
5369,27839
5370,27846
5371,27850
5372,27865
5373,27869
5374,27873
5375,27878
5376,27879
5377,27882
5378,27899
5379,27904
5380,27905
5381,27912
5382,30707
5383,30745
5384,30749
5385,30793
5386,30803
5387,30810
5388,30812
5389,30816
5390,30818
5391,30820
5392,30822
5393,30825
5394,30846
5395,30848
5396,30850
5397,30883
5398,30890
5399,30894
5400,30898
5401,30994
5402,31030
5403,31038
5404,31049
5405,31083
5406,31101
5407,31114
5408,31116
5409,31123
5410,31150
5411,31184
5412,31193
5413,31221
5414,31225
5415,31297
5416,31309
5417,31364
5418,31367
5419,31410
5420,31420
5421,31422
5422,31424
5423,31427
5424,31431
5425,31433
5426,31435
5427,31437
5428,31445
5429,31522
5430,31610
5431,31658
5432,31660
5433,31664
5434,31685
5435,31692
5436,31694
5437,31696
5438,31698
5439,31700
5440,31702
5441,31737
5442,31804
5443,31851
5444,31867
5445,31878
5446,31903
5447,31909
5448,31921
5449,31923
5450,31925
5451,31952
5452,31973
5453,32009
5454,32011
5455,32017
5456,32019
5457,32022
5458,32029
5459,32031
5460,32060
5461,32116
5462,32139
5463,32179
5464,32213
5465,32234
5466,32289
5467,32291
5468,32296
5469,32298
5470,32300
5471,32302
5472,32314
5473,32387
5474,32392
5475,32440
5476,32442
5477,32456
5478,32460
5479,32511
5480,32515
5481,32554
5482,32582
5483,32584
5484,32587
5485,32589
5486,32596
5487,32598
5488,32620
5489,32649
5490,32657
5491,32659
5492,32666
5493,32728
5494,32770
5495,32799
5496,32862
5497,32875
5498,32892
5499,32898
5500,32906
5501,32914
5502,33004
5503,33085
5504,33090
5505,33124
5506,33126
5507,33132
5508,33138
5509,33145
5510,33148
5511,33154
5512,33158
5513,33162
5514,33164
5515,33166
5516,33171
5517,33188
5518,33201
5519,33237
5520,33294
5521,33421
5522,33435
5523,33437
5524,33493
5525,33495
5526,33499
5527,33558
5528,33564
5529,33615
5530,33629
5531,33639
5532,33646
5533,33649
5534,33660
5535,33669
5536,33672
5537,33677
5538,33679
5539,33681
5540,33683
5541,33725
5542,33779
5543,33781
5544,33794
5545,33801
5546,33815
5547,33826
5548,33830
5549,33834
5550,33836
5551,33838
5552,33880
5553,33893
5554,33896
5555,33903
5556,33966
5557,34018
5558,34048
5559,34072
5560,34129
5561,34143
5562,34148
5563,34150
5564,34153
5565,34162
5566,34164
5567,34271
5568,34312
5569,34319
5570,34321
5571,34323
5572,34326
5573,34330
5574,34332
5575,34334
5576,34336
5577,34338
5578,34359
5579,34397
5580,34405
5581,34437
5582,34450
5583,34520
5584,34523
5585,34528
5586,34530
5587,34532
5588,34534
5589,34536
5590,34540
5591,34542
5592,34800
5593,34811
5594,35015
5595,35347
5596,35836
5597,35957
5598,36276
5599,36289
5600,36363
5601,36401
5602,36509
5603,36517
5604,36519
5605,36525
5606,36527
5607,36529
5608,36533
5609,36535
5610,36537
5611,36708
5612,36850
5613,36931
5614,37211
5615,37240
5616,37380
5617,37382
5618,37384
5619,37386
5620,37444
5621,37477
5622,37545
5623,37720
5624,37727
5625,37729
5626,37731
5627,37733
5628,37736
5629,37739
5630,37741
5631,37830
5632,37844
5633,37853
5634,37857
5635,38038
5636,38061
5637,38095
5638,38159
5639,38164
5640,38198
5641,38304
5642,38583
5643,38798
5644,38886
5645,38992
5646,39183
5647,39231
5648,39234
5649,39292
5650,39307
5651,39381
5652,39400
5653,39414
5654,39427
5655,39435
5656,39444
5657,39446
5658,39449
5659,39516
5660,39715
5661,39801
5662,39869
5663,40148
5664,40278
5665,40339
5666,40412
5667,40414
5668,40478
5669,40491
5670,40578
5671,40581
5672,40583
5673,40614
5674,40617
5675,40629
5676,40697
5677,40723
5678,40732
5679,40815
5680,40819
5681,40826
5682,40851
5683,40870
5684,40946
5685,40955
5686,40959
5687,40962
5688,41285
5689,41566
5690,41569
5691,41571
5692,41573
5693,41617
5694,41627
5695,41712
5696,41716
5697,41724
5698,41828
5699,41863
5700,41997
5701,42002
5702,42004
5703,42007
5704,42009
5705,42011
5706,42013
5707,42015
5708,42018
5709,42176
5710,42191
5711,42285
5712,42418
5713,42422
5714,42556
5715,42559
5716,42632
5717,42638
5718,42718
5719,42723
5720,42725
5721,42728
5722,42730
5723,42732
5724,42734
5725,42738
5726,42740
5727,42943
5728,42946
5729,43289
5730,43333
5731,43376
5732,43396
5733,43419
5734,43460
5735,43549
5736,43556
5737,43558
5738,43560
5739,43679
5740,43684
5741,43708
5742,43744
5743,43836
5744,43869
5745,43871
5746,43904
5747,43908
5748,43912
5749,43914
5750,43917
5751,43919
5752,43921
5753,43928
5754,43930
5755,43932
5756,43936
5757,44004
5758,44020
5759,44022
5760,44191
5761,44193
5762,44195
5763,44197
5764,44199
5765,44204
5766,44225
5767,44238
5768,44243
5769,44301
5770,44397
5771,44399
5772,44511
5773,44555
5774,44613
5775,44633
5776,44657
5777,44665
5778,44694
5779,44709
5780,44719
5781,44731
5782,44761
5783,44773
5784,44777
5785,44788
5786,44828
5787,44840
5788,44849
5789,44851
5790,44864
5791,44889
5792,44929
5793,44931
5794,44937
5795,44943
5796,44972
5797,44974
5798,45028
5799,45062
5800,45074
5801,45081
5802,45106
5803,45175
5804,45183
5805,45186
5806,45208
5807,45210
5808,45221
5809,45361
5810,45382
5811,45431
5812,45440
5813,45442
5814,45447
5815,45499
5816,45501
5817,45503
5818,45517
5819,45635
5820,45648
5821,45658
5822,45662
5823,45666
5824,45668
5825,45672
5826,45720
5827,45722
5828,45726
5829,45728
5830,45730
5831,45732
5832,45880
5833,45928
5834,45950
5835,46062
5836,46105
5837,46231
5838,46322
5839,46335
5840,46337
5841,46347
5842,46367
5843,46530
5844,46559
5845,46572
5846,46574
5847,46578
5848,46664
5849,46723
5850,46772
5851,46850
5852,46862
5853,46865
5854,46948
5855,46965
5856,46967
5857,46970
5858,46972
5859,46974
5860,46976
5861,47044
5862,47099
5863,47122
5864,47124
5865,47200
5866,47202
5867,47254
5868,47261
5869,47382
5870,47384
5871,47404
5872,47423
5873,47446
5874,47465
5875,47491
5876,47516
5877,47518
5878,47538
5879,47610
5880,47629
5881,47640
5882,47644
5883,47646
5884,47721
5885,47725
5886,47736
5887,47774
5888,47793
5889,47810
5890,47894
5891,47937
5892,47950
5893,47952
5894,47970
5895,47997
5896,47999
5897,48001
5898,48032
5899,48043
5900,48045
5901,48082
5902,48142
5903,48150
5904,48161
5905,48214
5906,48262
5907,48304
5908,48319
5909,48322
5910,48326
5911,48342
5912,48385
5913,48394
5914,48412
5915,48414
5916,48416
5917,48516
5918,48518
5919,48520
5920,48560
5921,48593
5922,48596
5923,48598
5924,48638
5925,48678
5926,48696
5927,48698
5928,48738
5929,48744
5930,48774
5931,48780
5932,48783
5933,48872
5934,48877
5935,48879
5936,48883
5937,48982
5938,48997
5939,49013
5940,49110
5941,49130
5942,49132
5943,49220
5944,49263
5945,49265
5946,49272
5947,49274
5948,49276
5949,49278
5950,49280
5951,49284
5952,49286
5953,49314
5954,49347
5955,49389
5956,49396
5957,49524
5958,49530
5959,49647
5960,49649
5961,49651
5962,49666
5963,49688
5964,49735
5965,49772
5966,49793
5967,49822
5968,49824
5969,49910
5970,49917
5971,49932
5972,49957
5973,49961
5974,50003
5975,50005
5976,50064
5977,50068
5978,50147
5979,50158
5980,50160
5981,50189
5982,50274
5983,50354
5984,50356
5985,50440
5986,50442
5987,50445
5988,50514
5989,50601
5990,50610
5991,50613
5992,50658
5993,50685
5994,50740
5995,50792
5996,50794
5997,50796
5998,50798
5999,50800
6000,50802
6001,50804
6002,50806
6003,50842
6004,50851
6005,50872
6006,50912
6007,50923
6008,50942
6009,50954
6010,50999
6011,51024
6012,51037
6013,51077
6014,51080
6015,51082
6016,51084
6017,51086
6018,51088
6019,51091
6020,51167
6021,51174
6022,51255
6023,51314
6024,51357
6025,51412
6026,51471
6027,51498
6028,51540
6029,51545
6030,51562
6031,51573
6032,51575
6033,51662
6034,51666
6035,51698
6036,51705
6037,51709
6038,51834
6039,51884
6040,51903
6041,51925
6042,51927
6043,51931
6044,51933
6045,51935
6046,51937
6047,51939
6048,52042
6049,52241
6050,52245
6051,52279
6052,52281
6053,52283
6054,52287
6055,52299
6056,52319
6057,52328
6058,52375
6059,52435
6060,52458
6061,52579
6062,52604
6063,52644
6064,52668
6065,52694
6066,52712
6067,52715
6068,52722
6069,52724
6070,52730
6071,52767
6072,52831
6073,52885
6074,52950
6075,52952
6076,52967
6077,52973
6078,52975
6079,53000
6080,53022
6081,53024
6082,53121
6083,53123
6084,53125
6085,53127
6086,53129
6087,53138
6088,53140
6089,53143
6090,53161
6091,53280
6092,53318
6093,53322
6094,53326
6095,53355
6096,53435
6097,53447
6098,53450
6099,53460
6100,53464
6101,53466
6102,53468
6103,53519
6104,53550
6105,53574
6106,53578
6107,53808
6108,53883
6109,53894
6110,53953
6111,53956
6112,53972
6113,53974
6114,53993
6115,53996
6116,54001
6117,54004
6118,54116
6119,54121
6120,54185
6121,54190
6122,54256
6123,54259
6124,54272
6125,54274
6126,54276
6127,54281
6128,54286
6129,54354
6130,54372
6131,54503
6132,54617
6133,54648
6134,54686
6135,54732
6136,54734
6137,54736
6138,54745
6139,54771
6140,54780
6141,54785
6142,54787
6143,54796
6144,54881
6145,54908
6146,54910
6147,54962
6148,54995
6149,54997
6150,54999
6151,55020
6152,55052
6153,55061
6154,55067
6155,55069
6156,55071
6157,55080
6158,55094
6159,55110
6160,55116
6161,55118
6162,55156
6163,55167
6164,55205
6165,55207
6166,55232
6167,55241
6168,55245
6169,55247
6170,55250
6171,55253
6172,55261
6173,55267
6174,55269
6175,55272
6176,55274
6177,55276
6178,55278
6179,55280
6180,55282
6181,55290
6182,55292
6183,55294
6184,55363
6185,55391
6186,55442
6187,55444
6188,55451
6189,55492
6190,55553
6191,55577
6192,55620
6193,55687
6194,55721
6195,55729
6196,55765
6197,55768
6198,55805
6199,55814
6200,55820
6201,55830
6202,55844
6203,55854
6204,55872
6205,55908
6206,55946
6207,55995
6208,56003
6209,56012
6210,56022
6211,56060
6212,56145
6213,56152
6214,56156
6215,56169
6216,56171
6217,56174
6218,56176
6219,56251
6220,56274
6221,56286
6222,56333
6223,56336
6224,56339
6225,56367
6226,56379
6227,56389
6228,56563
6229,56587
6230,56607
6231,56715
6232,56757
6233,56775
6234,56782
6235,56788
6236,56801
6237,56805
6238,56837
6239,56869
6240,56908
6241,56915
6242,56921
6243,56941
6244,56949
6245,57147
6246,57183
6247,57243
6248,57274
6249,57326
6250,57368
6251,57421
6252,57499
6253,57504
6254,57522
6255,57526
6256,57528
6257,57532
6258,57536
6259,57637
6260,57640
6261,57669
6262,57772
6263,57910
6264,57951
6265,58025
6266,58047
6267,58078
6268,58103
6269,58105
6270,58107
6271,58154
6272,58156
6273,58162
6274,58191
6275,58287
6276,58291
6277,58293
6278,58295
6279,58297
6280,58299
6281,58301
6282,58303
6283,58306
6284,58309
6285,58315
6286,58332
6287,58347
6288,58376
6289,58404
6290,58425
6291,58492
6292,58559
6293,58627
6294,58655
6295,58783
6296,58803
6297,58806
6298,58826
6299,58839
6300,58870
6301,58876
6302,58879
6303,58964
6304,58972
6305,58975
6306,58998
6307,59014
6308,59018
6309,59022
6310,59026
6311,59037
6312,59103
6313,59118
6314,59126
6315,59129
6316,59141
6317,59143
6318,59220
6319,59258
6320,59306
6321,59315
6322,59333
6323,59336
6324,59369
6325,59387
6326,59421
6327,59429
6328,59440
6329,59501
6330,59549
6331,59604
6332,59615
6333,59725
6334,59727
6335,59731
6336,59738
6337,59784
6338,59810
6339,59900
6340,59915
6341,59985
6342,59995
6343,60037
6344,60040
6345,60069
6346,60072
6347,60074
6348,60126
6349,60128
6350,60141
6351,60161
6352,60289
6353,60291
6354,60293
6355,60303
6356,60333
6357,60363
6358,60365
6359,60397
6360,60408
6361,60471
6362,60487
6363,60514
6364,60516
6365,60538
6366,60674
6367,60684
6368,60735
6369,60737
6370,60753
6371,60756
6372,60760
6373,60766
6374,60803
6375,60818
6376,60857
6377,60885
6378,60894
6379,60904
6380,60937
6381,60941
6382,60950
6383,60979
6384,61011
6385,61024
6386,61026
6387,61073
6388,61123
6389,61132
6390,61160
6391,61167
6392,61210
6393,61236
6394,61240
6395,61246
6396,61248
6397,61250
6398,61255
6399,61257
6400,61289
6401,61319
6402,61323
6403,61348
6404,61350
6405,61352
6406,61394
6407,61401
6408,61406
6409,61465
6410,61628
6411,61697
6412,61705
6413,61729
6414,61818
6415,62008
6416,62081
6417,62113
6418,62155
6419,62208
6420,62250
6421,62293
6422,62336
6423,62344
6424,62374
6425,62376
6426,62383
6427,62394
6428,62434
6429,62437
6430,62439
6431,62511
6432,62553
6433,62586
6434,62644
6435,62662
6436,62718
6437,62792
6438,62799
6439,62834
6440,62849
6441,62956
6442,62970
6443,62999
6444,63033
6445,63062
6446,63072
6447,63082
6448,63113
6449,63131
6450,63179
6451,63222
6452,63239
6453,63276
6454,63312
6455,63393
6456,63433
6457,63436
6458,63479
6459,63515
6460,63540
6461,63768
6462,63808
6463,63826
6464,63853
6465,63859
6466,63876
6467,63992
6468,64010
6469,64030
6470,64032
6471,64034
6472,64114
6473,64116
6474,64167
6475,64197
6476,64231
6477,64249
6478,64278
6479,64285
6480,64497
6481,64499
6482,64501
6483,64575
6484,64614
6485,64620
6486,64622
6487,64695
6488,64716
6489,64839
6490,64957
6491,64969
6492,64983
6493,64993
6494,64997
6495,65037
6496,65088
6497,65126
6498,65130
6499,65133
6500,65188
6501,65193
6502,65216
6503,65225
6504,65230
6505,65261
6506,65350
6507,65514
6508,65577
6509,65585
6510,65588
6511,65596
6512,65601
6513,65631
6514,65642
6515,65651
6516,65682
6517,65685
6518,65738
6519,65802
6520,65810
6521,65882
6522,65982
6523,66090
6524,66097
6525,66171
6526,66198
6527,66203
6528,66240
6529,66297
6530,66310
6531,66320
6532,66371
6533,66427
6534,66509
6535,66511
6536,66544
6537,66665
6538,66744
6539,66783
6540,66785
6541,66798
6542,66915
6543,66934
6544,66943
6545,67087
6546,67168
6547,67186
6548,67193
6549,67197
6550,67255
6551,67267
6552,67295
6553,67361
6554,67408
6555,67508
6556,67534
6557,67618
6558,67665
6559,67695
6560,67734
6561,67788
6562,67799
6563,67923
6564,67997
6565,68073
6566,68135
6567,68157
6568,68159
6569,68194
6570,68205
6571,68237
6572,68269
6573,68319
6574,68347
6575,68358
6576,68444
6577,68480
6578,68486
6579,68522
6580,68536
6581,68552
6582,68554
6583,68597
6584,68600
6585,68650
6586,68659
6587,68791
6588,68793
6589,68835
6590,68848
6591,68872
6592,68886
6593,68932
6594,68952
6595,68954
6596,68959
6597,69069
6598,69118
6599,69122
6600,69131
6601,69134
6602,69140
6603,69224
6604,69227
6605,69251
6606,69275
6607,69278
6608,69304
6609,69306
6610,69394
6611,69406
6612,69436
6613,69453
6614,69469
6615,69481
6616,69495
6617,69516
6618,69524
6619,69526
6620,69529
6621,69604
6622,69606
6623,69640
6624,69644
6625,69685
6626,69712
6627,69720
6628,69746
6629,69757
6630,69784
6631,69805
6632,69844
6633,69849
6634,69860
6635,69904
6636,69951
6637,69988
6638,70159
6639,70183
6640,70206
6641,70208
6642,70286
6643,70293
6644,70305
6645,70336
6646,70361
6647,70451
6648,70492
6649,70521
6650,70533
6651,70545
6652,70565
6653,70599
6654,70637
6655,70641
6656,70663
6657,70687
6658,70697
6659,70708
6660,70728
6661,70862
6662,70946
6663,70984
6664,70990
6665,70994
6666,71033
6667,71057
6668,71106
6669,71108
6670,71129
6671,71131
6672,71135
6673,71156
6674,71205
6675,71211
6676,71248
6677,71252
6678,71254
6679,71264
6680,71268
6681,71282
6682,71302
6683,71304
6684,71327
6685,71341
6686,71379
6687,71438
6688,71453
6689,71462
6690,71464
6691,71466
6692,71468
6693,71484
6694,71494
6695,71518
6696,71520
6697,71530
6698,71535
6699,71579
6700,71640
6701,71668
6702,71732
6703,71745
6704,71810
6705,71823
6706,71838
6707,71867
6708,71899
6709,71902
6710,71910
6711,71970
6712,71999
6713,72011
6714,72104
6715,72129
6716,72167
6717,72171
6718,72224
6719,72226
6720,72294
6721,72308
6722,72330
6723,72356
6724,72378
6725,72395
6726,72405
6727,72407
6728,72424
6729,72479
6730,72489
6731,72554
6732,72591
6733,72601
6734,72603
6735,72605
6736,72624
6737,72641
6738,72692
6739,72694
6740,72701
6741,72714
6742,72720
6743,72731
6744,72733
6745,72737
6746,72874
6747,72919
6748,72982
6749,72998
6750,73015
6751,73017
6752,73023
6753,73042
6754,73106
6755,73160
6756,73266
6757,73268
6758,73290
6759,73319
6760,73321
6761,73323
6762,73344
6763,73386
6764,73431
6765,73488
6766,73499
6767,73501
6768,73515
6769,73569
6770,73681
6771,73741
6772,73804
6773,73808
6774,73822
6775,73854
6776,73858
6777,73881
6778,73929
6779,74075
6780,74089
6781,74095
6782,74154
6783,74226
6784,74228
6785,74275
6786,74282
6787,74324
6788,74342
6789,74370
6790,74450
6791,74452
6792,74458
6793,74508
6794,74510
6795,74530
6796,74532
6797,74545
6798,74553
6799,74624
6800,74647
6801,74668
6802,74683
6803,74685
6804,74688
6805,74696
6806,74698
6807,74727
6808,74750
6809,74754
6810,74789
6811,74791
6812,74795
6813,74851
6814,74868
6815,74916
6816,74946
6817,74948
6818,75389
6819,75395
6820,75446
6821,75803
6822,75805
6823,75813
6824,75816
6825,75985
6826,76030
6827,76054
6828,76060
6829,76077
6830,76091
6831,76093
6832,76143
6833,76173
6834,76175
6835,76251
6836,76293
6837,76738
6838,76743
6839,76751
6840,76763
6841,77177
6842,77191
6843,77206
6844,77266
6845,77364
6846,77414
6847,77421
6848,77455
6849,77561
6850,77667
6851,77688
6852,77709
6853,77795
6854,77800
6855,77841
6856,77846
6857,77866
6858,77881
6859,77893
6860,77931
6861,78034
6862,78039
6863,78041
6864,78088
6865,78105
6866,78116
6867,78142
6868,78160
6869,78174
6870,78209
6871,78218
6872,78266
6873,78316
6874,78349
6875,78467
6876,78469
6877,78499
6878,78544
6879,78574
6880,78620
6881,78637
6882,78703
6883,78746
6884,78772
6885,78836
6886,78893
6887,79006
6888,79008
6889,79057
6890,79073
6891,79091
6892,79132
6893,79134
6894,79139
6895,79185
6896,79224
6897,79242
6898,79251
6899,79259
6900,79274
6901,79293
6902,79299
6903,79333
6904,79357
6905,79428
6906,79501
6907,79553
6908,79572
6909,79592
6910,79677
6911,79684
6912,79695
6913,79702
6914,79798
6915,79868
6916,79879
6917,79895
6918,79897
6919,79946
6920,80083
6921,80094
6922,80126
6923,80139
6924,80162
6925,80166
6926,80219
6927,80241
6928,80363
6929,80454
6930,80463
6931,80478
6932,80489
6933,80549
6934,80551
6935,80572
6936,80584
6937,80586
6938,80590
6939,80615
6940,80693
6941,80727
6942,80748
6943,80831
6944,80834
6945,80846
6946,80858
6947,80860
6948,80862
6949,80864
6950,80880
6951,80906
6952,80917
6953,80969
6954,81087
6955,81156
6956,81158
6957,81191
6958,81229
6959,81257
6960,81383
6961,81417
6962,81456
6963,81512
6964,81520
6965,81537
6966,81562
6967,81564
6968,81591
6969,81782
6970,81784
6971,81786
6972,81788
6973,81819
6974,81831
6975,81834
6976,81845
6977,81847
6978,81910
6979,81932
6980,81949
6981,82041
6982,82053
6983,82088
6984,82093
6985,82095
6986,82152
6987,82167
6988,82169
6989,82202
6990,82242
6991,82366
6992,82378
6993,82459
6994,82461
6995,82499
6996,82527
6997,82534
6998,82641
6999,82667
7000,82684
7001,82744
7002,82765
7003,82767
7004,82848
7005,82852
7006,82854
7007,83086
7008,83132
7009,83134
7010,83177
7011,83270
7012,83349
7013,83369
7014,83601
7015,83613
7016,83796
7017,83803
7018,83827
7019,83910
7020,83976
7021,84152
7022,84156
7023,84187
7024,84189
7025,84240
7026,84246
7027,84374
7028,84392
7029,84414
7030,84512
7031,84523
7032,84601
7033,84615
7034,84637
7035,84696
7036,84716
7037,84772
7038,84799
7039,84844
7040,84847
7041,84942
7042,84944
7043,84950
7044,84952
7045,84954
7046,85020
7047,85022
7048,85056
7049,85131
7050,85179
7051,85213
7052,85259
7053,85261
7054,85295
7055,85334
7056,85342
7057,85354
7058,85367
7059,85394
7060,85397
7061,85399
7062,85401
7063,85412
7064,85414
7065,85438
7066,85510
7067,85736
7068,85774
7069,85780
7070,85788
7071,85796
7072,85881
7073,85885
7074,86014
7075,86028
7076,86059
7077,86066
7078,86068
7079,86142
7080,86190
7081,86237
7082,86286
7083,86290
7084,86293
7085,86295
7086,86298
7087,86320
7088,86332
7089,86345
7090,86347
7091,86355
7092,86377
7093,86487
7094,86504
7095,86548
7096,86593
7097,86628
7098,86644
7099,86668
7100,86721
7101,86781
7102,86815
7103,86817
7104,86833
7105,86835
7106,86880
7107,86882
7108,86892
7109,86898
7110,86911
7111,86922
7112,86960
7113,87028
7114,87192
7115,87194
7116,87222
7117,87232
7118,87234
7119,87287
7120,87298
7121,87304
7122,87306
7123,87413
7124,87430
7125,87444
7126,87483
7127,87485
7128,87520
7129,87522
7130,87529
7131,87785
7132,87834
7133,87867
7134,87869
7135,87876
7136,87960
7137,88069
7138,88094
7139,88108
7140,88125
7141,88129
7142,88140
7143,88163
7144,88179
7145,88235
7146,88267
7147,88272
7148,88327
7149,88345
7150,88356
7151,88405
7152,88448
7153,88515
7154,88593
7155,88672
7156,88697
7157,88699
7158,88744
7159,88746
7160,88785
7161,88810
7162,88812
7163,88911
7164,88932
7165,88954
7166,89028
7167,89030
7168,89047
7169,89072
7170,89085
7171,89087
7172,89090
7173,89118
7174,89190
7175,89208
7176,89281
7177,89305
7178,89343
7179,89386
7180,89427
7181,89470
7182,89492
7183,89580
7184,89582
7185,89678
7186,89745
7187,89753
7188,89759
7189,89761
7190,89774
7191,89804
7192,89837
7193,89840
7194,89862
7195,89864
7196,89898
7197,89904
7198,89945
7199,90057
7200,90245
7201,90249
7202,90343
7203,90345
7204,90353
7205,90357
7206,90374
7207,90376
7208,90384
7209,90403
7210,90405
7211,90428
7212,90430
7213,90439
7214,90469
7215,90471
7216,90522
7217,90524
7218,90528
7219,90531
7220,90600
7221,90603
7222,90630
7223,90647
7224,90717
7225,90719
7226,90738
7227,90746
7228,90769
7229,90809
7230,90863
7231,90866
7232,90888
7233,90890
7234,90943
7235,90945
7236,91077
7237,91079
7238,91094
7239,91104
7240,91126
7241,91128
7242,91233
7243,91273
7244,91323
7245,91325
7246,91337
7247,91353
7248,91355
7249,91414
7250,91470
7251,91483
7252,91485
7253,91488
7254,91500
7255,91529
7256,91535
7257,91542
7258,91571
7259,91622
7260,91628
7261,91630
7262,91653
7263,91658
7264,91660
7265,91666
7266,91671
7267,91690
7268,91784
7269,91842
7270,91860
7271,91873
7272,91890
7273,91935
7274,91947
7275,91974
7276,91976
7277,91978
7278,91981
7279,92008
7280,92046
7281,92048
7282,92094
7283,92192
7284,92198
7285,92234
7286,92243
7287,92259
7288,92264
7289,92309
7290,92391
7291,92420
7292,92422
7293,92427
7294,92439
7295,92475
7296,92494
7297,92507
7298,92509
7299,92535
7300,92643
7301,92665
7302,92681
7303,92694
7304,92938
7305,93006
7306,93008
7307,93040
7308,93114
7309,93134
7310,93242
7311,93270
7312,93272
7313,93287
7314,93297
7315,93320
7316,93326
7317,93363
7318,93443
7319,93502
7320,93510
7321,93512
7322,93563
7323,93598
7324,93610
7325,93721
7326,93723
7327,93740
7328,93766
7329,93790
7330,93805
7331,93819
7332,93831
7333,93838
7334,93840
7335,93855
7336,93980
7337,93982
7338,94015
7339,94018
7340,94070
7341,94122
7342,94130
7343,94150
7344,94160
7345,94262
7346,94266
7347,94323
7348,94325
7349,94405
7350,94478
7351,94494
7352,94503
7353,94661
7354,94677
7355,94735
7356,94777
7357,94780
7358,94833
7359,94864
7360,94867
7361,94896
7362,94931
7363,94953
7364,94959
7365,94985
7366,95004
7367,95067
7368,95088
7369,95105
7370,95147
7371,95163
7372,95165
7373,95167
7374,95170
7375,95175
7376,95182
7377,95193
7378,95199
7379,95201
7380,95207
7381,95218
7382,95307
7383,95309
7384,95313
7385,95377
7386,95441
7387,95449
7388,95473
7389,95475
7390,95497
7391,95499
7392,95510
7393,95519
7394,95543
7395,95558
7396,95583
7397,95654
7398,95720
7399,95761
7400,95771
7401,95780
7402,95796
7403,95839
7404,95843
7405,95858
7406,95873
7407,95875
7408,95939
7409,95965
7410,96004
7411,96007
7412,96020
7413,96079
7414,96084
7415,96110
7416,96114
7417,96121
7418,96150
7419,96281
7420,96283
7421,96373
7422,96417
7423,96430
7424,96432
7425,96448
7426,96488
7427,96518
7428,96520
7429,96530
7430,96563
7431,96567
7432,96588
7433,96606
7434,96610
7435,96616
7436,96655
7437,96691
7438,96726
7439,96728
7440,96737
7441,96811
7442,96815
7443,96821
7444,96829
7445,96832
7446,96861
7447,96917
7448,96935
7449,96945
7450,96964
7451,97024
7452,97168
7453,97172
7454,97188
7455,97194
7456,97225
7457,97230
7458,97285
7459,97304
7460,97306
7461,97328
7462,97470
7463,97643
7464,97701
7465,97742
7466,97752
7467,97757
7468,97785
7469,97836
7470,97858
7471,97860
7472,97866
7473,97870
7474,97904
7475,97913
7476,97921
7477,97923
7478,97936
7479,97938
7480,97988
7481,98061
7482,98083
7483,98122
7484,98124
7485,98154
7486,98175
7487,98203
7488,98239
7489,98243
7490,98279
7491,98361
7492,98491
7493,98499
7494,98503
7495,98585
7496,98604
7497,98607
7498,98623
7499,98633
7500,98697
7501,98809
7502,98961
7503,99005
7504,99007
7505,99030
7506,99106
7507,99112
7508,99114
7509,99117
7510,99130
7511,99145
7512,99149
7513,99191
7514,99415
7515,99437
7516,99532
7517,99574
7518,99638
7519,99721
7520,99728
7521,99750
7522,99764
7523,99813
7524,99846
7525,99853
7526,99910
7527,99917
7528,99992
7529,100044
7530,100068
7531,100083
7532,100159
7533,100163
7534,100194
7535,100277
7536,100304
7537,100306
7538,100326
7539,100383
7540,100390
7541,100397
7542,100487
7543,100498
7544,100507
7545,100527
7546,100553
7547,100556
7548,100579
7549,100611
7550,100714
7551,100810
7552,100882
7553,100906
7554,101025
7555,101070
7556,101072
7557,101074
7558,101076
7559,101088
7560,101112
7561,101142
7562,101283
7563,101360
7564,101362
7565,101415
7566,101525
7567,101529
7568,101531
7569,101577
7570,101612
7571,101739
7572,101741
7573,101765
7574,101864
7575,101884
7576,101962
7577,101973
7578,102025
7579,102033
7580,102066
7581,102070
7582,102084
7583,102088
7584,102123
7585,102125
7586,102165
7587,102194
7588,102217
7589,102278
7590,102338
7591,102378
7592,102407
7593,102445
7594,102481
7595,102602
7596,102666
7597,102684
7598,102686
7599,102716
7600,102720
7601,102735
7602,102742
7603,102747
7604,102800
7605,102802
7606,102819
7607,102852
7608,102880
7609,102903
7610,102984
7611,102993
7612,103027
7613,103042
7614,103048
7615,103075
7616,103085
7617,103107
7618,103137
7619,103141
7620,103171
7621,103210
7622,103219
7623,103221
7624,103228
7625,103233
7626,103235
7627,103245
7628,103249
7629,103253
7630,103335
7631,103339
7632,103341
7633,103372
7634,103384
7635,103449
7636,103483
7637,103539
7638,103543
7639,103596
7640,103606
7641,103609
7642,103624
7643,103655
7644,103685
7645,103688
7646,103755
7647,103772
7648,103801
7649,103810
7650,103819
7651,103865
7652,103883
7653,103980
7654,103984
7655,104017
7656,104069
7657,104074
7658,104076
7659,104078
7660,104129
7661,104141
7662,104211
7663,104218
7664,104241
7665,104243
7666,104245
7667,104272
7668,104283
7669,104303
7670,104337
7671,104339
7672,104374
7673,104419
7674,104457
7675,104644
7676,104760
7677,104837
7678,104841
7679,104863
7680,104875
7681,104879
7682,104906
7683,104908
7684,104913
7685,104925
7686,104944
7687,105020
7688,105037
7689,105121
7690,105197
7691,105211
7692,105213
7693,105246
7694,105250
7695,105254
7696,105325
7697,105355
7698,105468
7699,105504
7700,105540
7701,105585
7702,105593
7703,105653
7704,105720
7705,105731
7706,105746
7707,105755
7708,105801
7709,105844
7710,105954
7711,106002
7712,106062
7713,106072
7714,106100
7715,106144
7716,106438
7717,106441
7718,106487
7719,106489
7720,106491
7721,106540
7722,106542
7723,106594
7724,106642
7725,106648
7726,106696
7727,106766
7728,106782
7729,106785
7730,106839
7731,106873
7732,106883
7733,106916
7734,106918
7735,106920
7736,106927
7737,107013
7738,107069
7739,107141
7740,107314
7741,107338
7742,107348
7743,107406
7744,107408
7745,107410
7746,107412
7747,107436
7748,107447
7749,107449
7750,107565
7751,107702
7752,107771
7753,107846
7754,107945
7755,107951
7756,107953
7757,107997
7758,107999
7759,108078
7760,108090
7761,108156
7762,108188
7763,108190
7764,108192
7765,108540
7766,108601
7767,108689
7768,108715
7769,108727
7770,108729
7771,108795
7772,108928
7773,108932
7774,108945
7775,108949
7776,108981
7777,109161
7778,109183
7779,109187
7780,109191
7781,109241
7782,109282
7783,109313
7784,109372
7785,109374
7786,109383
7787,109416
7788,109483
7789,109487
7790,109569
7791,109576
7792,109578
7793,109596
7794,109633
7795,109673
7796,109687
7797,109723
7798,109846
7799,109848
7800,109850
7801,109853
7802,109864
7803,109895
7804,109897
7805,109968
7806,110102
7807,110127
7808,110130
7809,110281
7810,110286
7811,110297
7812,110330
7813,110387
7814,110501
7815,110553
7816,110586
7817,110591
7818,110611
7819,110655
7820,110669
7821,110718
7822,110730
7823,110746
7824,110771
7825,110773
7826,110781
7827,110826
7828,110882
7829,111113
7830,111146
7831,111320
7832,111360
7833,111362
7834,111364
7835,111384
7836,111443
7837,111551
7838,111617
7839,111622
7840,111659
7841,111663
7842,111680
7843,111732
7844,111743
7845,111759
7846,111781
7847,111785
7848,111800
7849,111817
7850,111844
7851,111913
7852,111921
7853,112006
7854,112070
7855,112138
7856,112171
7857,112175
7858,112183
7859,112290
7860,112303
7861,112316
7862,112326
7863,112334
7864,112370
7865,112421
7866,112450
7867,112454
7868,112460
7869,112497
7870,112512
7871,112515
7872,112552
7873,112556
7874,112580
7875,112623
7876,112727
7877,112749
7878,112788
7879,112804
7880,112818
7881,112852
7882,112868
7883,112897
7884,112911
7885,112940
7886,113186
7887,113207
7888,113225
7889,113252
7890,113275
7891,113278
7892,113280
7893,113345
7894,113348
7895,113350
7896,113374
7897,113378
7898,113394
7899,113416
7900,113453
7901,113532
7902,113565
7903,113573
7904,113705
7905,113741
7906,113780
7907,113829
7908,113862
7909,114028
7910,114044
7911,114060
7912,114066
7913,114074
7914,114126
7915,114180
7916,114184
7917,114246
7918,114265
7919,114335
7920,114396
7921,114494
7922,114554
7923,114601
7924,114627
7925,114662
7926,114670
7927,114678
7928,114707
7929,114713
7930,114762
7931,114795
7932,114818
7933,114847
7934,114925
7935,114935
7936,115065
7937,115111
7938,115122
7939,115149
7940,115151
7941,115170
7942,115203
7943,115210
7944,115216
7945,115231
7946,115502
7947,115569
7948,115617
7949,115664
7950,115667
7951,115680
7952,115713
7953,115819
7954,115828
7955,115877
7956,116044
7957,116138
7958,116411
7959,116413
7960,116419
7961,116505
7962,116668
7963,116718
7964,116738
7965,116797
7966,116799
7967,116817
7968,116823
7969,116849
7970,116887
7971,116897
7972,116941
7973,116963
7974,116977
7975,116985
7976,117107
7977,117109
7978,117133
7979,117176
7980,117192
7981,117364
7982,117368
7983,117444
7984,117466
7985,117511
7986,117529
7987,117531
7988,117533
7989,117545
7990,117590
7991,117630
7992,117646
7993,117851
7994,117867
7995,117877
7996,117881
7997,117887
7998,117895
7999,117922
8000,118082
8001,118198
8002,118248
8003,118270
8004,118290
8005,118326
8006,118354
8007,118512
8008,118530
8009,118572
8010,118696
8011,118700
8012,118702
8013,118706
8014,118834
8015,118862
8016,118880
8017,118894
8018,118900
8019,118924
8020,118930
8021,118985
8022,118997
8023,119068
8024,119141
8025,119145
8026,119153
8027,119155
8028,119167
8029,119218
8030,119714
8031,119828
8032,119964
8033,120130
8034,120466
8035,120478
8036,120625
8037,120635
8038,120637
8039,120761
8040,120799
8041,120919
8042,121007
8043,121035
8044,121097
8045,121171
8046,121231
8047,121253
8048,121338
8049,121342
8050,121374
8051,121469
8052,121715
8053,121781
8054,122092
8055,122246
8056,122260
8057,122490
8058,122627
8059,122882
8060,122884
8061,122886
8062,122888
8063,122890
8064,122892
8065,122896
8066,122898
8067,122900
8068,122902
8069,122904
8070,122906
8071,122912
8072,122916
8073,122918
8074,122920
8075,122922
8076,122924
8077,122926
8078,122932
8079,123200
8080,123310
8081,123545
8082,123553
8083,123947
8084,124404
8085,124484
8086,124851
8087,124853
8088,124859
8089,125221
8090,125914
8091,125916
8092,125974
8093,126088
8094,126090
8095,126142
8096,126430
8097,126482
8098,126548
8099,126577
8100,126921
8101,127052
8102,127096
8103,127098
8104,127108
8105,127130
8106,127132
8107,127134
8108,127136
8109,127146
8110,127152
8111,127164
8112,127172
8113,127184
8114,127198
8115,127202
8116,127204
8117,127212
8118,127319
8119,127323
8120,127390
8121,128087
8122,128089
8123,128097
8124,128360
8125,128488
8126,128512
8127,128520
8128,128542
8129,128592
8130,128594
8131,128620
8132,128695
8133,128736
8134,128842
8135,128852
8136,128902
8137,128908
8138,128914
8139,128968
8140,128975
8141,128991
8142,129011
8143,129229
8144,129313
8145,129333
8146,129354
8147,129397
8148,129428
8149,129514
8150,129657
8151,129737
8152,129937
8153,130050
8154,130052
8155,130073
8156,130087
8157,130444
8158,130450
8159,130452
8160,130482
8161,130490
8162,130498
8163,130518
8164,130520
8165,130576
8166,130578
8167,130634
8168,130686
8169,130840
8170,130842
8171,130970
8172,130976
8173,130978
8174,131013
8175,131023
8176,131098
8177,131130
8178,131439
8179,131480
8180,131578
8181,131656
8182,131714
8183,131724
8184,131739
8185,131749
8186,131796
8187,131826
8188,131920
8189,131934
8190,132046
8191,132084
8192,132153
8193,132157
8194,132333
8195,132335
8196,132362
8197,132422
8198,132424
8199,132454
8200,132462
8201,132488
8202,132496
8203,132584
8204,132618
8205,132660
8206,132796
8207,132800
8208,132888
8209,133115
8210,133195
8211,133217
8212,133281
8213,133365
8214,133377
8215,133419
8216,133545
8217,133645
8218,133771
8219,133780
8220,133782
8221,133798
8222,133802
8223,133832
8224,133867
8225,133879
8226,134004
8227,134019
8228,134021
8229,134095
8230,134130
8231,134170
8232,134184
8233,134214
8234,134246
8235,134248
8236,134252
8237,134326
8238,134368
8239,134393
8240,134524
8241,134528
8242,134775
8243,134796
8244,134808
8245,134847
8246,134849
8247,134853
8248,134859
8249,134861
8250,134881
8251,135133
8252,135137
8253,135143
8254,135198
8255,135216
8256,135288
8257,135436
8258,135456
8259,135518
8260,135532
8261,135534
8262,135536
8263,135567
8264,135569
8265,135777
8266,135787
8267,135815
8268,135861
8269,135885
8270,135887
8271,135937
8272,136012
8273,136016
8274,136018
8275,136020
8276,136024
8277,136297
8278,136305
8279,136353
8280,136355
8281,136359
8282,136443
8283,136445
8284,136447
8285,136449
8286,136469
8287,136503
8288,136540
8289,136556
8290,136562
8291,136564
8292,136598
8293,136654
8294,136664
8295,136666
8296,136778
8297,136786
8298,136816
8299,136834
8300,136838
8301,136840
8302,136850
8303,136859
8304,136864
8305,136912
8306,137218
8307,137337
8308,137345
8309,137517
8310,137595
8311,137857
8312,137863
8313,138036
8314,138186
8315,138204
8316,138208
8317,138210
8318,138396
8319,138546
8320,138610
8321,138632
8322,138702
8323,138798
8324,138835
8325,138966
8326,139130
8327,139157
8328,139385
8329,139415
8330,139640
8331,139642
8332,139644
8333,139655
8334,139717
8335,139855
8336,139857
8337,139915
8338,139994
8339,140016
8340,140038
8341,140110
8342,140133
8343,140162
8344,140174
8345,140237
8346,140247
8347,140267
8348,140289
8349,140301
8350,140359
8351,140481
8352,140525
8353,140541
8354,140561
8355,140627
8356,140711
8357,140715
8358,140725
8359,140737
8360,140850
8361,140852
8362,140928
8363,140956
8364,141004
8365,141131
8366,141400
8367,141408
8368,141422
8369,141513
8370,141544
8371,141646
8372,141668
8373,141688
8374,141718
8375,141749
8376,141799
8377,141810
8378,141816
8379,141820
8380,141830
8381,141836
8382,141844
8383,141846
8384,141866
8385,141890
8386,141928
8387,142020
8388,142074
8389,142115
8390,142222
8391,142366
8392,142372
8393,142420
8394,142422
8395,142424
8396,142448
8397,142456
8398,142488
8399,142507
8400,142509
8401,142536
8402,142550
8403,142558
8404,142602
8405,142831
8406,142961
8407,142997
8408,143001
8409,143031
8410,143245
8411,143255
8412,143257
8413,143355
8414,143365
8415,143367
8416,143385
8417,143410
8418,143458
8419,143472
8420,143511
8421,143525
8422,143559
8423,143859
8424,143896
8425,143969
8426,144210
8427,144222
8428,144262
8429,144352
8430,144478
8431,144522
8432,144606
8433,144620
8434,144716
8435,144734
8436,144976
8437,145080
8438,145150
8439,145283
8440,145491
8441,145724
8442,145839
8443,145935
8444,145951
8445,145994
8446,146028
8447,146210
8448,146244
8449,146309
8450,146656
8451,146682
8452,146684
8453,146688
8454,146730
8455,147002
8456,147142
8457,147196
8458,147282
8459,147286
8460,147300
8461,147328
8462,147372
8463,147374
8464,147376
8465,147378
8466,147380
8467,147382
8468,147384
8469,147410
8470,147657
8471,147936
8472,148166
8473,148172
8474,148238
8475,148424
8476,148592
8477,148626
8478,148632
8479,148652
8480,148671
8481,148709
8482,148881
8483,148888
8484,148956
8485,148978
8486,148982
8487,149011
8488,149144
8489,149330
8490,149352
8491,149354
8492,149380
8493,149406
8494,149508
8495,149566
8496,149612
8497,149830
8498,149902
8499,150254
8500,150401
8501,150548
8502,150554
8503,150596
8504,150696
8505,150993
8506,151315
8507,151317
8508,151455
8509,151479
8510,151501
8511,151557
8512,151559
8513,151653
8514,151687
8515,151739
8516,151745
8517,151759
8518,151763
8519,151777
8520,151781
8521,152037
8522,152063
8523,152065
8524,152071
8525,152077
8526,152079
8527,152081
8528,152083
8529,152085
8530,152091
8531,152105
8532,152270
8533,152284
8534,152372
8535,152658
8536,152711
8537,152970
8538,153070
8539,153236
8540,153408
8541,154065
8542,154358
8543,155064
8544,155168
8545,155288
8546,155358
8547,155509
8548,155589
8549,155659
8550,155743
8551,155774
8552,155812
8553,155820
8554,156025
8555,156371
8556,156387
8557,156553
8558,156605
8559,156607
8560,156609
8561,156675
8562,156706
8563,156726
8564,156781
8565,157108
8566,157110
8567,157122
8568,157172
8569,157200
8570,157270
8571,157296
8572,157312
8573,157340
8574,157407
8575,157432
8576,157699
8577,157775
8578,158022
8579,158027
8580,158035
8581,158238
8582,158254
8583,158388
8584,158398
8585,158402
8586,158528
8587,158721
8588,158783
8589,158813
8590,158842
8591,158872
8592,158874
8593,158882
8594,158956
8595,158966
8596,158972
8597,159061
8598,159069
8599,159093
8600,159161
8601,159193
8602,159403
8603,159415
8604,159441
8605,159510
8606,159717
8607,159755
8608,159779
8609,159811
8610,159817
8611,159849
8612,159858
8613,159976
8614,160080
8615,160271
8616,160289
8617,160341
8618,160422
8619,160438
8620,160527
8621,160563
8622,160567
8623,160569
8624,160571
8625,160573
8626,160644
8627,160646
8628,160684
8629,160718
8630,160730
8631,160836
8632,160848
8633,160872
8634,160954
8635,160978
8636,160980
8637,161008
8638,161024
8639,161044
8640,161127
8641,161131
8642,161290
8643,161354
8644,161580
8645,161582
8646,161594
8647,161634
8648,161830
8649,161918
8650,161922
8651,161966
8652,162082
8653,162344
8654,162350
8655,162414
8656,162478
8657,162578
8658,162590
8659,162598
8660,162600
8661,162602
8662,162606
8663,162828
8664,162968
8665,163072
8666,163112
8667,163134
8668,163386
8669,163527
8670,163645
8671,163653
8672,163809
8673,163925
8674,164179
8675,164200
8676,164226
8677,164280
8678,164367
8679,164375
8680,164540
8681,164655
8682,164753
8683,164881
8684,164909
8685,164917
8686,165075
8687,165101
8688,165103
8689,165139
8690,165343
8691,165347
8692,165489
8693,165529
8694,165549
8695,165635
8696,165639
8697,165645
8698,165671
8699,165947
8700,165959
8701,165969
8702,166015
8703,166024
8704,166203
8705,166291
8706,166461
8707,166492
8708,166528
8709,166534
8710,166558
8711,166568
8712,166635
8713,166643
8714,166946
8715,167018
8716,167036
8717,167296
8718,167370
8719,167538
8720,167570
8721,167634
8722,167706
8723,167732
8724,167746
8725,167772
8726,167790
8727,167854
8728,168026
8729,168090
8730,168144
8731,168174
8732,168218
8733,168248
8734,168250
8735,168252
8736,168254
8737,168266
8738,168326
8739,168350
8740,168358
8741,168418
8742,168456
8743,168492
8744,168608
8745,168612
8746,168632
8747,168712
8748,168846
8749,169034
8750,169180
8751,169670
8752,169904
8753,169958
8754,169982
8755,169984
8756,169992
8757,170289
8758,170297
8759,170355
8760,170357
8761,170401
8762,170411
8763,170551
8764,170597
8765,170697
8766,170705
8767,170777
8768,170813
8769,170827
8770,170837
8771,170875
8772,170897
8773,170907
8774,170939
8775,170945
8776,170957
8777,170993
8778,171011
8779,171023
8780,171251
8781,171495
8782,171631
8783,171695
8784,171701
8785,171749
8786,171751
8787,171763
8788,171811
8789,171867
8790,171891
8791,171917
8792,172013
8793,172215
8794,172233
8795,172253
8796,172321
8797,172461
8798,172497
8799,172547
8800,172577
8801,172583
8802,172587
8803,172591
8804,172705
8805,172793
8806,172825
8807,172881
8808,172887
8809,172909
8810,173145
8811,173197
8812,173205
8813,173209
8814,173235
8815,173255
8816,173291
8817,173307
8818,173351
8819,173355
8820,173619
8821,173751
8822,173925
8823,173941
8824,173963
8825,174045
8826,174053
8827,174055
8828,174141
8829,174403
8830,174479
8831,174551
8832,174681
8833,174727
8834,174737
8835,174815
8836,174909
8837,175199
8838,175303
8839,175387
8840,175397
8841,175401
8842,175431
8843,175435
8844,175475
8845,175485
8846,175569
8847,175577
8848,175585
8849,175661
8850,175693
8851,175705
8852,175707
8853,175743
8854,176051
8855,176101
8856,176329
8857,176371
8858,176413
8859,176419
8860,176423
8861,176601
8862,176621
8863,176751
8864,177185
8865,177285
8866,177593
8867,177615
8868,177763
8869,177765
8870,177939
8871,178061
8872,178111
8873,178129
8874,178613
8875,178615
8876,178827
8877,179053
8878,179073
8879,179119
8880,179133
8881,179135
8882,179211
8883,179401
8884,179427
8885,179491
8886,179511
8887,179709
8888,179813
8889,179815
8890,179817
8891,179819
8892,179953
8893,180031
8894,180045
8895,180095
8896,180263
8897,180265
8898,180297
8899,180497
8900,180777
8901,180985
8902,180987
8903,181065
8904,181315
8905,181413
8906,181659
8907,181719
8908,182299
8909,182639
8910,182715
8911,182731
8912,182793
8913,182823
8914,183011
8915,183197
8916,183227
8917,183295
8918,183301
8919,183611
8920,183635
8921,183897
8922,183911
8923,183959
8924,184015
8925,184053
8926,184245
8927,184253
8928,184349
8929,184471
8930,184641
8931,184721
8932,184791
8933,184931
8934,184987
8935,184997
8936,185029
8937,185031
8938,185135
8939,185435
8940,185473
8941,185585
8942,187031
8943,187541
8944,187593
8945,187595
8946,188189
8947,188301
8948,188675
8949,188751
8950,188797
8951,189043
8952,189333
8953,189381
8954,189713
8955,190183
8956,190207
8957,190209
8958,190213
8959,190215
8960,190219
8961,190221
8962,191005
8963,193565
8964,193567
8965,193571
8966,193573
8967,193579
8968,193581
8969,193583
8970,193585
8971,193587
8972,193609
